condition,group,draw,seed,abs_rel,rmse_m,delta1,calibrated_abs_rel,calibrated_rmse_m,calibrated_delta1,inference_seconds_mean
base_r256,base_r256,,,0.11106047517389615,0.35646636703747075,0.8816131062169953,0.4000588105082602,0.99459623635025,0.40897167471501106,0.13230003349988692
base_r512,base_r512,,,0.07224205246549033,0.25609240042809644,0.9455126609048665,0.38028406909807905,0.9559081448124022,0.40899042238458805,0.21388262099990243
draw1_high512_seed17_r256,high512_r256,1,17,0.1111589711496781,0.3523725229340606,0.875481304798279,0.4000131814124265,0.9842142847195143,0.4138935649194229,0.0756277189996763
draw1_high512_seed17_r512,high512_r512,1,17,0.07079316882285161,0.24785958970477387,0.9464948736590998,0.3833552270435169,0.9489253084375671,0.41113890995350855,0.19962803400001575
draw1_high512_seed29_r256,high512_r256,1,29,0.10900642781160341,0.3462063977802671,0.8867903770920552,0.3951267697570325,0.97795552441995,0.41434826030937905,0.07536364300023707
draw1_high512_seed29_r512,high512_r512,1,29,0.0736796501624152,0.2497769231354693,0.943668903212278,0.3851085961667232,0.9491650229201015,0.41231773244198067,0.1988579585001571
draw1_high512_seed43_r256,high512_r256,1,43,0.11216371568430201,0.35832921881586216,0.8765979741227349,0.39910799676974845,0.9870577070938308,0.41006467480189124,0.07503442249988439
draw1_high512_seed43_r512,high512_r512,1,43,0.07082975039529063,0.24910491258349862,0.9458488855903022,0.38204603910951707,0.950447122123869,0.41412903288266245,0.19883370799998373
draw1_high512_seed59_r256,high512_r256,1,59,0.10526834245570932,0.34173733758679126,0.8897063687005011,0.3897362027870889,0.9686803613259756,0.42342297139474266,0.07618108300011954
draw1_high512_seed59_r512,high512_r512,1,59,0.06939629559191202,0.24658647649556045,0.9485797284026068,0.3814777200052646,0.9453269194858513,0.41948957552176835,0.19933994600010918
draw1_high512_seed71_r256,high512_r256,1,71,0.11273915358306656,0.36039566949880664,0.8750856475961547,0.3919674022032505,0.9814585781536677,0.41399558875102344,0.09352815150035894
draw1_high512_seed71_r512,high512_r512,1,71,0.07012410237240575,0.24697324106064614,0.9466692047953157,0.3817563468936855,0.94835245603329,0.41429822215033957,0.22099521149935752
draw1_mixed_seed17_r256,mixed_r256,1,17,0.09390570181552438,0.30720160588877915,0.9168079239840682,0.3865076916866535,0.9612169904139918,0.4224497769517118,0.07582707350022247
draw1_mixed_seed17_r512,mixed_r512,1,17,0.0714915179393236,0.24669559900067792,0.946669043357617,0.38368997516818376,0.9464759974327422,0.4140984555813999,0.19891160700026375
draw1_mixed_seed29_r256,mixed_r256,1,29,0.09991848083621019,0.3187825665690535,0.9052431496262636,0.3945088287050949,0.9722809869021473,0.4170863487925653,0.07535953750000772
draw1_mixed_seed29_r512,mixed_r512,1,29,0.07299069301719077,0.24924343049873157,0.9418056964408608,0.38525520017618886,0.9517672482861569,0.4111332088632367,0.19952041300002749
draw1_mixed_seed43_r256,mixed_r256,1,43,0.09569168505226872,0.3155239570738333,0.9097714555071699,0.3874857746633394,0.9640690314757235,0.423659030468502,0.07511006550012098
draw1_mixed_seed43_r512,mixed_r512,1,43,0.06883374631340634,0.24387065812583045,0.9500013227913439,0.38057208410846416,0.9487255431598762,0.4143153752392727,0.19890001050011052
draw1_mixed_seed59_r256,mixed_r256,1,59,0.0921187872176262,0.30711229276683966,0.9189514237126539,0.3895527213441708,0.9609056909508351,0.42222267879138925,0.08150809449994995
draw1_mixed_seed59_r512,mixed_r512,1,59,0.06878202418944313,0.24438978909075743,0.9497988648902381,0.3811505942927923,0.9436795078451801,0.41721143914920844,0.22154748799963273
draw1_mixed_seed71_r256,mixed_r256,1,71,0.09792599184071346,0.3184461440512217,0.904505714481956,0.38304402075023086,0.9591353699194847,0.4303187477890934,0.08756484549998277
draw1_mixed_seed71_r512,mixed_r512,1,71,0.06826823280105142,0.24305868661907454,0.9490055469807104,0.37792324119000403,0.9436711991201487,0.41760402569426475,0.22315660550000757
draw2_high512_seed17_r256,high512_r256,2,17,0.11169578744509848,0.35412199463947025,0.8781156069067048,0.39457531521936107,0.9769900542375356,0.41523823711616814,0.08728473949973704
draw2_high512_seed17_r512,high512_r512,2,17,0.0713077117325934,0.24861238379801542,0.9453890939739616,0.3791550082537748,0.9422386578115391,0.4122388247025191,0.21236018450017582
draw2_high512_seed29_r256,high512_r256,2,29,0.11078819148523499,0.35625769493376525,0.8776323052512828,0.39116540058939875,0.9803418168870445,0.4176501838488821,0.08930835249979281
draw2_high512_seed29_r512,high512_r512,2,29,0.07132401019267369,0.24960737873670294,0.9464180885522692,0.38254972438648793,0.9481593089763973,0.4091498130604036,0.22045771900026012
draw2_high512_seed43_r256,high512_r256,2,43,0.10931424676267751,0.34956635172763334,0.880858924406206,0.38027271505291355,0.9585463377343356,0.42908869399968347,0.07834217500021623
draw2_high512_seed43_r512,high512_r512,2,43,0.06983680342460633,0.24647737045077925,0.9465263378297064,0.37470464791471086,0.9380251943156537,0.4200203876130685,0.20585261050029657
draw2_high512_seed59_r256,high512_r256,2,59,0.10905245668365339,0.3530796813825006,0.8806097757537991,0.3872271069188583,0.970949119267764,0.41934431165346536,0.08430684350001684
draw2_high512_seed59_r512,high512_r512,2,59,0.07111393726879016,0.24955052487616647,0.9429928438293099,0.38078990577457345,0.9452406380193213,0.4131325204032045,0.2167038374998083
draw2_high512_seed71_r256,high512_r256,2,71,0.11864724121159669,0.3744435617148568,0.8630575077167276,0.39184486018699005,0.9793527330436121,0.4175432933614162,0.08786268550007663
draw2_high512_seed71_r512,high512_r512,2,71,0.07456295096331765,0.2545399526469587,0.9407161180827635,0.37467951768211416,0.9359943637728279,0.41868533562236115,0.22459655599974213
draw2_mixed_seed17_r256,mixed_r256,2,17,0.09641373624254004,0.3090103281832884,0.9109850505342735,0.38178966706977546,0.9552363220136533,0.4216994880104627,0.09227978800019628
draw2_mixed_seed17_r512,mixed_r512,2,17,0.07093691778637404,0.24557051643719807,0.9461873508915349,0.37902191483112946,0.9418142290277561,0.4167003083231131,0.22788890900006664
draw2_mixed_seed29_r256,mixed_r256,2,29,0.09397576084453711,0.3116484619080866,0.9114932334631162,0.3846942057173687,0.9590963491202991,0.4224985341169486,0.08134670299998106
draw2_mixed_seed29_r512,mixed_r512,2,29,0.06954876333166192,0.2460034830273234,0.9488294288062998,0.38228495242117744,0.9470603990395287,0.4119557809373074,0.20992216949995054
draw2_mixed_seed43_r256,mixed_r256,2,43,0.09652497882978292,0.3150190133829262,0.9068510422379135,0.37983099065366743,0.9537325662484255,0.4303275679209824,0.07885190599961789
draw2_mixed_seed43_r512,mixed_r512,2,43,0.06978243683918182,0.24570822613763607,0.9464732317227813,0.37617099308139873,0.9397549252194943,0.418611059281819,0.20446404749953218
draw2_mixed_seed59_r256,mixed_r256,2,59,0.0955372576340323,0.3143193819499229,0.9132170584999662,0.3837403166405477,0.9581434295530568,0.42238594745074465,0.09104872650012112
draw2_mixed_seed59_r512,mixed_r512,2,59,0.07062204142663826,0.24603114488375652,0.9471851583721389,0.38085603139715685,0.9453855199560698,0.4167760080991198,0.22790653500029293
draw2_mixed_seed71_r256,mixed_r256,2,71,0.10147669393467465,0.3245296228661456,0.8994090680444,0.38456107038814663,0.9602539928891075,0.42569298470914246,0.09041759350006032
draw2_mixed_seed71_r512,mixed_r512,2,71,0.07377981239993198,0.25218454123829376,0.9404317314438575,0.3768965291505961,0.9397308229055296,0.420551183266664,0.2274831365000864
draw3_high512_seed17_r256,high512_r256,3,17,0.1186676300016552,0.37183900453540386,0.8628628834841767,0.39423589574993656,0.9820742790356082,0.41755066671326424,0.09033847800008515
draw3_high512_seed17_r512,high512_r512,3,17,0.07297603893754497,0.25483538302176145,0.9438024529206352,0.3767254588112333,0.9439884566303084,0.4129984506934224,0.22796916449991841
draw3_high512_seed29_r256,high512_r256,3,29,0.11211659243567972,0.35722671942398593,0.8761762322547061,0.3976083357944005,0.9831596859733291,0.41450702057849154,0.09003387699991436
draw3_high512_seed29_r512,high512_r512,3,29,0.07145602917610523,0.2506078556616875,0.9464599667900125,0.3710159297428137,0.9365246616645118,0.42055329002755387,0.22484329749961035
draw3_high512_seed43_r256,high512_r256,3,43,0.11241607245491451,0.35842691431600326,0.8728653202838867,0.40255018485757676,0.9866100770051205,0.41210456000161316,0.08587386650015105
draw3_high512_seed43_r512,high512_r512,3,43,0.07189792316611374,0.25050487306525826,0.9445556223196931,0.38060238359338383,0.9439438396397449,0.41880965159077205,0.22344759649993648
draw3_high512_seed59_r256,high512_r256,3,59,0.11192724395254938,0.3548236484611339,0.8764845794605529,0.38880263324388353,0.9746360785521851,0.418966792343211,0.09253109049983323
draw3_high512_seed59_r512,high512_r512,3,59,0.07190820005906548,0.25087936921731896,0.9451091352969123,0.37298744174803233,0.9358833892564544,0.42283260883101165,0.21858868200026335
draw3_high512_seed71_r256,high512_r256,3,71,0.11324614732069062,0.36207840843695954,0.8716419414901165,0.4062008951084032,0.9957441285764975,0.4053951331840694,0.12691060349981853
draw3_high512_seed71_r512,high512_r512,3,71,0.07190035590276958,0.2511058788732734,0.9426759316606328,0.37639096929171845,0.9434811312900326,0.4133787093492257,0.24940496400013218
draw3_mixed_seed17_r256,mixed_r256,3,17,0.09512194992512503,0.3125443413691956,0.908543251373736,0.37922801664313144,0.955424931078189,0.42604630174949754,0.09484982699992543
draw3_mixed_seed17_r512,mixed_r512,3,17,0.06934547689318013,0.24554300559496045,0.9483153560942129,0.3755280657605978,0.9416606563311664,0.41906548057164045,0.22647202200008906
draw3_mixed_seed29_r256,mixed_r256,3,29,0.09370468516886905,0.30899161314086376,0.9176356255784265,0.37695177384821027,0.9507200321487982,0.42614467518597343,0.0873552260001452
draw3_mixed_seed29_r512,mixed_r512,3,29,0.07106879010252022,0.24759969300736265,0.9461985233758528,0.3739461797906044,0.935654754051518,0.4229923174079054,0.22534038450012303
draw3_mixed_seed43_r256,mixed_r256,3,43,0.09686185201835286,0.31607633107592226,0.9085178909035363,0.3897580972744884,0.9619614546931226,0.418558799487829,0.09493613549992005
draw3_mixed_seed43_r512,mixed_r512,3,43,0.0701638323884468,0.24594245189671649,0.9471540916436482,0.37760148859229026,0.9388233853243649,0.4221579730183113,0.22653422099996534
draw3_mixed_seed59_r256,mixed_r256,3,59,0.0999455201440771,0.32058703859304005,0.9038121313136436,0.38265441677213685,0.9587327618084123,0.4284357710786344,0.13148987249969651
draw3_mixed_seed59_r512,mixed_r512,3,59,0.07046188558415008,0.24774730581139756,0.9467177999350469,0.3778832703784303,0.9438077383480028,0.41953104306896527,0.2474048485000094
draw3_mixed_seed71_r256,mixed_r256,3,71,0.0956745288223468,0.3147112452640126,0.9116993138943712,0.3802729028567296,0.9536692855166707,0.4293031201075245,0.13344663550007682
draw3_mixed_seed71_r512,mixed_r512,3,71,0.06969681468418981,0.2455116339513928,0.9455843924705155,0.3740645918239012,0.9378881163739459,0.4216224357123387,0.2511288615002195
expert_default,expert_default,,,0.07527644363393275,0.2677189803746499,0.9399664405657032,0.18230758339342848,0.47902888959189965,0.7557585822734535,0.04475702500003535
