stage,group,runs,scenes,abs_rel_mean,abs_rel_seed_std,rmse_m_mean,rmse_m_seed_std,delta1_mean,delta1_seed_std,inference_seconds_mean,inference_seconds_seed_std,peak_allocated_mib_mean,peak_allocated_mib_seed_std
validation,base_r256,1,32,0.11102395037191629,,0.3926720950103647,,0.8758464851609657,,0.07019687499993665,,2602.47216796875,
validation,base_r512,1,32,0.07288361654050338,,0.2901488755135493,,0.9540203460345406,,0.19809565937495677,,2945.3994140625,
validation,low256_r256,3,32,0.09008276231013229,0.0010540961453220107,0.34263921831651584,0.002537983101181637,0.9151178774033087,0.0027575069316470554,0.07633777708332445,0.001142165028896466,2616.07568359375,0.05412658773652741
validation,low256_r512,3,32,0.07187480265024977,0.0016009270944639434,0.2856898474530206,0.0022742814303895603,0.9557553655264922,0.0017038827448029367,0.20118911145837615,0.0033415499270297395,2959.0029296875,0.05412658773652741
validation,high512_r256,3,32,0.10336564311617569,0.0009706232672667199,0.37923002418925417,0.0006726837070011194,0.888914913089649,0.0032903986989132822,0.0777272499999621,0.001027864512378399,2615.60693359375,0.0
validation,high512_r512,3,32,0.0684488648695215,0.0018732023420142843,0.27830345957271535,0.004471765128049391,0.9594657790492959,0.0012094525298794576,0.20555570104158014,0.004355777567265008,2958.5341796875,0.0
validation,mixed_r256,3,32,0.09039321135679802,0.0012927859436770816,0.34470762939953326,0.0059457686892005835,0.9124032825424772,0.0036793055110227652,0.07620804375000034,0.0007771199568618528,2616.10693359375,0.0
validation,mixed_r512,3,32,0.06985304961025922,0.0009267134737950364,0.2801925005489802,0.0035129140837583017,0.9577816290101722,0.002262413235821127,0.20640113437496174,0.0031844487932828707,2959.0341796875,0.0
validation,mixed_prior_r256,3,32,0.0904073383659057,0.0014294567134465878,0.34473438814372037,0.005926117101954894,0.9124358564581936,0.004571902858921057,0.07840929687483822,0.0011199178352874948,2616.10693359375,0.0
validation,mixed_prior_r512,3,32,0.06939214604519564,0.0008118647758127607,0.2789830107504962,0.0032162245682371042,0.9581136995584618,0.002005575836808184,0.20624161979174005,0.0034767271283286123,2959.0341796875,0.0
validation,expert,1,32,0.08525057337734229,,0.3216268230389745,,0.9362890886988597,,0.023525878125042254,,167.28076171875,
test,base_r256,1,64,0.11160790927836606,,0.400071540545828,,0.8823307029678069,,0.07195164374991236,,2602.47216796875,
test,base_r512,1,64,0.06661075009128303,,0.2631401569376801,,0.9559590616616365,,0.20298635000017384,,2945.3994140625,
test,low256_r256,3,64,0.08149322799819582,0.0012962397335815135,0.31884936834494676,0.0046519872340188345,0.9344217649647888,0.001423568419634653,0.07868146666656155,5.650337416967799e-05,2603.80517578125,0.0
test,low256_r512,3,64,0.06554375925119739,0.001577836760872007,0.2532181268911972,0.0028566225160753024,0.9514274012128325,0.0010199363201812064,0.2100584651040928,0.0011494716847518078,2946.732421875,0.0
test,high512_r256,3,64,0.10884254012776695,0.004742763630223856,0.39414836820158267,0.011661194592324451,0.886617949886821,0.007295265609577027,0.07872428906237398,0.00047342531775722567,2603.80517578125,0.0
test,high512_r512,3,64,0.06075039572459384,0.001652154018213275,0.24692819564421756,0.0042123100935387596,0.9594682679409793,0.003384604683031814,0.21035968749995013,0.001494884556443661,2946.732421875,0.0
test,mixed_r256,3,64,0.08544950900240998,0.00047399593220891396,0.3310439765000952,0.005315073180896534,0.9279110863095239,0.001757116512962585,0.07900037500003047,0.00023534304417917938,2603.80517578125,0.0
test,mixed_r512,3,64,0.05968118735393718,0.0011929351978062922,0.24365178527599807,0.0020993164169978433,0.9601027388288061,0.0025676260605372735,0.20927870208336685,0.00018423496596474558,2946.732421875,0.0
test,mixed_prior_r256,3,64,0.08605390298225679,0.0006347633226891486,0.3329741322149989,0.005617932306893207,0.9269413136806953,0.002437021123888448,0.07706741718744563,0.0018340479647354806,2603.80517578125,0.0
test,mixed_prior_r512,3,64,0.059669740703723696,0.0008111099008469146,0.24319369771767785,0.001372398178520783,0.9601108168105857,0.0019089442591542565,0.20636066510419937,0.0077657014862549745,2946.732421875,0.0
test,expert,1,64,0.08877101272568137,,0.3423008281840487,,0.9216267658031523,,0.022714004687571787,,158.39892578125,
