compared,reference,abs_rel_difference,scene_ci_low,scene_ci_high
low256_r256,base_r256,-0.03011468128017024,-0.037610367491050144,-0.023103476341537563
low256_r512,base_r512,-0.001066990840085641,-0.0037878652960328927,0.001495095650421522
high512_r256,base_r256,-0.0027653691505991253,-0.007624462026026253,0.0026749330185997337
high512_r512,base_r512,-0.005860354366689184,-0.009424150520519472,-0.0027927860201751135
mixed_r256,base_r256,-0.026158400275956083,-0.03214402239121544,-0.020503519748861655
mixed_r512,base_r512,-0.006929562737345851,-0.01102064867712487,-0.00357484945242209
mixed_prior_r256,base_r256,-0.025554006296109263,-0.031146682142893792,-0.02027471983175517
mixed_prior_r512,base_r512,-0.00694100938755933,-0.010587200175146408,-0.003930114784304478
high512_r256,low256_r256,0.02734931212957112,0.018611305228758427,0.03749141202107501
mixed_r256,low256_r256,0.003956281004214159,0.0009516123275156273,0.006755065779065509
mixed_r256,high512_r256,-0.023393031125356956,-0.03170083671488972,-0.016413641901652655
mixed_prior_r256,mixed_r256,0.000604393979846821,2.2539794165248184e-05,0.0012361363429972305
high512_r512,low256_r512,-0.004793363526603544,-0.007536545860839423,-0.0021509853785301415
mixed_r512,low256_r512,-0.005862571897260211,-0.00871501367292169,-0.003534529425425848
mixed_r512,high512_r512,-0.0010692083706566671,-0.0024658631424188133,0.00022786327301909499
mixed_prior_r512,mixed_r512,-1.1446650213478246e-05,-0.0004522975696132011,0.0005795506635233442
base_r512,base_r256,-0.04499715918708303,-0.05483651968814525,-0.03574092642985751
low256_r512,low256_r256,-0.01594946874699843,-0.02241070323177601,-0.00993022553455174
high512_r512,high512_r256,-0.048092144403173095,-0.059884506050607404,-0.03823764248437189
mixed_r512,mixed_r256,-0.0257683216484728,-0.03218929556076193,-0.02010791734526083
mixed_prior_r512,mixed_prior_r256,-0.026384162278533102,-0.03317486456595749,-0.020437548721630845
