stage,group,label,seed,abs_rel,rmse_m,delta1,inference_seconds,peak_allocated_mib
validation,base_r256,base_r256,,0.11102395037191629,0.3926720950103647,0.8758464851609657,0.07019687499993665,2602.47216796875
validation,base_r512,base_r512,,0.07288361654050338,0.2901488755135493,0.9540203460345406,0.19809565937495677,2945.3994140625
test,base_r256,base_r256,,0.11160790927836606,0.400071540545828,0.8823307029678069,0.07195164374991236,2602.47216796875
test,base_r512,base_r512,,0.06661075009128303,0.2631401569376801,0.9559590616616365,0.20298635000017384,2945.3994140625
validation,low256_r256,low256_seed17_r256,17,0.09107686392533972,0.3446329509374515,0.9131028357645875,0.07684816249994242,2616.01318359375
validation,low256_r512,low256_seed17_r512,17,0.07287521846079294,0.2875270834637773,0.9540899040073776,0.20348077187503577,2958.9404296875
test,low256_r256,low256_seed17_r256,17,0.08278796571076473,0.3240847006664206,0.9328322146420188,0.07861627187489262,2603.80517578125
test,low256_r512,low256_seed17_r512,17,0.06731119989771954,0.2551492560105513,0.9504669946763917,0.21138384374992825,2946.732421875
validation,low256_r256,low256_seed29_r256,29,0.09019393857161069,0.34350249471537064,0.9139903221411805,0.07502941250010053,2616.10693359375
validation,low256_r512,low256_seed29_r512,29,0.07272082790320161,0.2863962768023981,0.9556809607645874,0.19735494062507541,2959.0341796875
test,low256_r256,low256_seed29_r256,29,0.08149622683687657,0.31727307475839883,0.9355792305918846,0.07871626874990056,2603.80517578125
test,low256_r512,low256_seed29_r512,29,0.0642770454361834,0.24993667212629983,0.9513172786720322,0.20933402031243986,2946.732421875
validation,low256_r256,low256_seed43_r256,43,0.08897748443344647,0.3397822092967253,0.9182604743041584,0.07713575624993041,2616.10693359375
validation,low256_r512,low256_seed43_r512,43,0.07002836158675477,0.28314618209288644,0.9574952318075117,0.20273162187501725,2959.0341796875
test,low256_r256,low256_seed43_r256,43,0.08019549144694617,0.3151903296100209,0.9348538496604628,0.07871185937489145,2603.80517578125
test,low256_r512,low256_seed43_r512,43,0.06504303241968923,0.2545684525367405,0.9524979302900738,0.2094575312499103,2946.732421875
validation,high512_r256,high512_seed17_r256,17,0.10363765436795715,0.3798371143127285,0.8916978433098592,0.07890726250008129,2615.60693359375
validation,high512_r512,high512_seed17_r512,17,0.06874734874091637,0.28027215395355964,0.9593996269282361,0.2105238437499679,2958.5341796875
test,high512_r256,high512_seed17_r256,17,0.10423278403279895,0.3830580091884307,0.8935449284247149,0.07828273593739254,2603.80517578125
test,high512_r512,high512_seed17_r512,17,0.06037489292251175,0.24448488488963477,0.9600184439973172,0.20923533906241687,2946.732421875
validation,high512_r256,high512_seed29_r256,29,0.10417124087607842,0.37934610343109076,0.8852833144701542,0.07724762187490342,2615.60693359375
validation,high512_r512,high512_seed29_r512,29,0.07015490392278925,0.28145310139855373,0.9582907601861167,0.2037505749998445,2958.5341796875
test,high512_r256,high512_seed29_r256,29,0.1137079685869502,0.406306898752796,0.8790031202842052,0.07922417968731565,2603.80517578125
test,high512_r512,high512_seed29_r512,29,0.06255798080046686,0.2517921347476255,0.9558422802439638,0.20978759531246283,2946.732421875
validation,high512_r256,high512_seed43_r256,43,0.10228803410449147,0.3785068548239433,0.8897635814889336,0.07702686562490157,2615.60693359375
validation,high512_r512,high512_seed43_r512,43,0.06644434194485888,0.2731851233660327,0.9607069500335346,0.20239268437492797,2958.5341796875
test,high512_r256,high512_seed43_r256,43,0.10858686776355167,0.39308019666352134,0.8873058009515427,0.07866595156241374,2603.80517578125
test,high512_r512,high512_seed43_r512,43,0.05931831345080292,0.2445075672953924,0.9625440795816567,0.21205612812497066,2946.732421875
validation,mixed_r256,mixed_seed17_r256,17,0.09144224534296792,0.34927358205540315,0.9087212074530516,0.07671287812499372,2616.10693359375
validation,mixed_r512,mixed_seed17_r512,17,0.07012228060778225,0.2816853271231,0.957269528630114,0.2090944687500098,2959.0341796875
test,mixed_r256,mixed_seed17_r256,17,0.08549717857177974,0.33557857398560187,0.9265959035462777,0.07922992812504503,2603.80517578125
test,mixed_r512,mixed_seed17_r512,17,0.06092190456885373,0.2458107126268808,0.9571909975477868,0.20948540781245129,2946.732421875
validation,mixed_r256,mixed_seed29_r256,29,0.09078844501908899,0.3468649483955316,0.9124088279678068,0.07659809999987033,2616.10693359375
validation,mixed_r512,mixed_seed29_r512,29,0.07061533648354987,0.2827124563431125,0.9558191597501677,0.202886478124924,2959.0341796875
test,mixed_r256,mixed_seed29_r256,29,0.08495347949849619,0.32519504793956155,0.9299066534624414,0.07875964062498042,2603.80517578125
test,mixed_r512,mixed_seed29_r512,29,0.05854260101601436,0.24161764681881975,0.9610748475226358,0.20913179375008895,2946.732421875
validation,mixed_r256,mixed_seed43_r256,43,0.08894894370833717,0.337984357747665,0.9160798122065728,0.07531315312513698,2616.10693359375
validation,mixed_r512,mixed_seed43_r512,43,0.06882153173944551,0.276179718180728,0.9602561986502347,0.2072224562499514,2959.0341796875
test,mixed_r256,mixed_seed43_r256,43,0.08589786893695402,0.3323583075751222,0.9272307019198525,0.07901155625006595,2603.80517578125
test,mixed_r512,mixed_seed43_r512,43,0.059579056476943434,0.24352699638229366,0.962042371415996,0.20921890468756033,2946.732421875
validation,mixed_prior_r256,mixed_prior_seed17_r256,17,0.09167127304137208,0.34983751638168786,0.9078393538313212,0.07958006249987193,2616.10693359375
validation,mixed_prior_r512,mixed_prior_seed17_r512,17,0.06965841465334661,0.2802597379700612,0.9575127850435948,0.20967684375006002,2959.0341796875
test,mixed_prior_r256,mixed_prior_seed17_r256,17,0.08647602738995111,0.33806261419053674,0.9246253563044936,0.07790029062493886,2603.80517578125
test,mixed_prior_r512,mixed_prior_seed17_r512,17,0.06051817558164042,0.24459194569622209,0.9580800558559691,0.19741282968760743,2946.732421875
validation,mixed_prior_r256,mixed_prior_seed29_r256,29,0.09069471772432842,0.3461309154049135,0.9124854596327967,0.07734831249985064,2616.10693359375
validation,mixed_prior_r512,mixed_prior_seed29_r512,29,0.0700374397631238,0.281364841865967,0.9564772751089873,0.20272482500030264,2959.0341796875
test,mixed_prior_r256,mixed_prior_seed29_r256,29,0.08532391620378159,0.3269454003328088,0.9294836073734072,0.07496472031238,2603.80517578125
test,mixed_prior_r512,mixed_prior_seed29_r512,29,0.05890198583637838,0.24184869935727782,0.9603838525947351,0.21032634999988886,2946.732421875
validation,mixed_prior_r256,mixed_prior_seed43_r256,43,0.0888560243320166,0.33823473264455983,0.9169827559104627,0.0782995156247921,2616.10693359375
validation,mixed_prior_r512,mixed_prior_seed43_r512,43,0.0684805837191165,0.2753244524154603,0.9603510385228036,0.2063231906248575,2959.0341796875
test,mixed_prior_r256,mixed_prior_seed43_r256,43,0.08636176535303772,0.33391438212165125,0.9267149773641852,0.07833724062501801,2603.80517578125
test,mixed_prior_r512,mixed_prior_seed43_r512,43,0.05958906069315231,0.24314044809953356,0.9618685419810531,0.21134281562510182,2946.732421875
validation,expert,expert,,0.08525057337734229,0.3216268230389745,0.9362890886988597,0.023525878125042254,167.28076171875
test,expert,expert,,0.08877101272568137,0.3423008281840487,0.9216267658031523,0.022714004687571787,158.39892578125
