run_id,mode,seed,training_seconds,latent_cache_seconds,peak_allocated_mib,trainable_parameters
low256_seed17,low256,17,110.37199150000015,4.4332438999999795,2414.9033203125,829952
low256_seed29,low256,29,107.43422600000031,4.346337099999801,2416.7470703125,829952
low256_seed43,low256,43,104.41774830000031,4.216497700000218,2416.7470703125,829952
high512_seed17,high512,17,109.46881739999935,13.78492659999938,2510.52734375,829952
high512_seed29,high512,29,109.45482559999982,14.237296700000115,2510.52734375,829952
high512_seed43,high512,43,108.52783689999978,13.885683900000004,2510.52734375,829952
mixed_seed17,mixed,17,94.12812039999972,18.254165700000158,2511.40234375,829952
mixed_seed29,mixed,29,111.37566070000048,18.040360599999985,2511.40234375,829952
mixed_seed43,mixed,43,110.93177899999955,18.242587300000196,2511.40234375,829952
mixed_prior_seed17,mixed_prior,17,141.7224008000012,18.23251159999927,2511.484375,829952
mixed_prior_seed29,mixed_prior,29,137.54262200000085,18.587780500000008,2511.484375,829952
mixed_prior_seed43,mixed_prior,43,131.85652089999894,18.0415854999992,2511.484375,829952
