pilot_cohort,training_draws,training_seeds,new_scenes,target_absrel_improvement,error_sd_multiplier,target_power,monte_carlo_se,family_any_rejection,power_0,power_1,power_2,power_3,power_4,power_5
fresh31,3,5,31,0.0,1.0,0.00975,0.0006947998812607844,0.03485,0.0082,0.00975,0.0083,0.0097,0.00785,0.0011
fresh31,3,5,31,0.006,1.0,0.0573,0.0016434218874044485,0.2343,0.0725,0.0573,0.00975,0.04205,0.17995,0.0012
fresh31,3,5,31,0.009,1.0,0.1245,0.00233452082877836,0.53945,0.18015,0.1245,0.0116,0.0824,0.4994,0.00135
fresh31,3,5,31,0.012,1.0,0.25215,0.003070589336756057,0.86125,0.3737,0.25215,0.0134,0.15965,0.85135,0.00115
fresh31,3,5,31,0.0,1.5,0.00975,0.0006947998812607844,0.03485,0.0082,0.00975,0.0083,0.0097,0.00785,0.0011
fresh31,3,5,31,0.006,1.5,0.03235,0.00125106909281622,0.12025,0.03685,0.03235,0.00915,0.0278,0.07375,0.00115
fresh31,3,5,31,0.009,1.5,0.0573,0.0016434218874044485,0.2343,0.0725,0.0573,0.00975,0.04205,0.17995,0.0012
fresh31,3,5,31,0.012,1.5,0.09595,0.0020825897039503482,0.4206,0.13615,0.09595,0.0108,0.0669,0.37175,0.00135
fresh31,3,5,64,0.0,1.0,0.0089,0.0006641080484379029,0.03515,0.00695,0.0089,0.00785,0.00985,0.0066,0.0012
fresh31,3,5,64,0.006,1.0,0.11465,0.002252835740794255,0.45975,0.18345,0.11465,0.0112,0.07705,0.38655,0.00095
fresh31,3,5,64,0.009,1.0,0.31355,0.0032805212809856915,0.88075,0.4842,0.31355,0.01485,0.2007,0.85935,0.0013
fresh31,3,5,64,0.012,1.0,0.61245,0.00344496006870907,0.99675,0.83415,0.61245,0.01725,0.41075,0.9961,0.0011
fresh31,3,5,64,0.0,1.5,0.0089,0.0006641080484379029,0.03515,0.00695,0.0089,0.00785,0.00985,0.0066,0.0012
fresh31,3,5,64,0.006,1.5,0.04935,0.0015315772507451266,0.2053,0.07305,0.04935,0.00935,0.03845,0.135,0.0011
fresh31,3,5,64,0.009,1.5,0.11465,0.002252835740794255,0.45975,0.18345,0.11465,0.0112,0.07705,0.38655,0.00095
fresh31,3,5,64,0.012,1.5,0.2319,0.002984312232324225,0.7662,0.36795,0.2319,0.01345,0.1488,0.72635,0.00115
fresh31,3,5,100,0.0,1.0,0.0078,0.0006220594826863424,0.03775,0.0076,0.0078,0.0058,0.0083,0.00955,0.00275
fresh31,3,5,100,0.006,1.0,0.188,0.002762752250926601,0.6511,0.3171,0.188,0.00915,0.13065,0.57055,0.00205
fresh31,3,5,100,0.009,1.0,0.51735,0.0035334047142946984,0.9757,0.763,0.51735,0.0127,0.35095,0.9678,0.00205
fresh31,3,5,100,0.012,1.0,0.86165,0.0024414061265999967,0.99995,0.983,0.86165,0.01535,0.66665,0.9999,0.00175
fresh31,3,5,100,0.0,1.5,0.0078,0.0006220594826863424,0.03775,0.0076,0.0078,0.0058,0.0083,0.00955,0.00275
fresh31,3,5,100,0.006,1.5,0.0751,0.0018635985350927919,0.2994,0.11815,0.0751,0.00735,0.05385,0.20995,0.0023
fresh31,3,5,100,0.009,1.5,0.188,0.002762752250926601,0.6511,0.3171,0.188,0.00915,0.13065,0.57055,0.00205
fresh31,3,5,100,0.012,1.5,0.39195,0.003451993608771604,0.92175,0.61985,0.39195,0.01165,0.26255,0.8969,0.00185
fresh31,3,5,150,0.0,1.0,0.0082,0.0006376817388007908,0.03635,0.00755,0.0082,0.00555,0.0092,0.00745,0.00215
fresh31,3,5,150,0.006,1.0,0.27765,0.0031667055238844043,0.79485,0.5145,0.27765,0.00995,0.19145,0.716,0.0014
fresh31,3,5,150,0.009,1.0,0.70275,0.0032318140223410135,0.9974,0.9419,0.70275,0.01395,0.514,0.9949,0.0012
fresh31,3,5,150,0.012,1.0,0.9644,0.0013102030377006454,1.0,0.9995,0.9644,0.0158,0.8475,1.0,0.00105
fresh31,3,5,150,0.0,1.5,0.0082,0.0006376817388007908,0.03635,0.00755,0.0082,0.00555,0.0092,0.00745,0.00215
fresh31,3,5,150,0.006,1.5,0.0977,0.0020994607641011058,0.394,0.1884,0.0977,0.0073,0.07465,0.2741,0.0012
fresh31,3,5,150,0.009,1.5,0.27765,0.0031667055238844043,0.79485,0.5145,0.27765,0.00995,0.19145,0.716,0.0014
fresh31,3,5,150,0.012,1.5,0.55915,0.0035107070334905476,0.9816,0.84835,0.55915,0.013,0.39215,0.96875,0.0013
fresh31,3,5,200,0.0,1.0,0.00825,0.0006396068128154984,0.0364,0.0075,0.00825,0.00545,0.00855,0.00695,0.0023
fresh31,3,5,200,0.006,1.0,0.3846,0.0034400787781677326,0.8999,0.6916,0.3846,0.00975,0.2634,0.8166,0.00165
fresh31,3,5,200,0.009,1.0,0.84265,0.0025747910352104304,0.99975,0.98995,0.84265,0.0139,0.6563,0.9993,0.00145
fresh31,3,5,200,0.012,1.0,0.99435,0.0005300036556477721,1.0,1.0,0.99435,0.0151,0.94105,1.0,0.00135
fresh31,3,5,200,0.0,1.5,0.00825,0.0006396068128154984,0.0364,0.0075,0.00825,0.00545,0.00855,0.00695,0.0023
fresh31,3,5,200,0.006,1.5,0.136,0.002423881185206899,0.50205,0.28085,0.136,0.0071,0.0967,0.33835,0.0017
fresh31,3,5,200,0.009,1.5,0.3846,0.0034400787781677326,0.8999,0.6916,0.3846,0.00975,0.2634,0.8166,0.00165
fresh31,3,5,200,0.012,1.5,0.7083,0.0032141181527753455,0.9969,0.95315,0.7083,0.0128,0.5235,0.99015,0.0016
fresh31,3,5,250,0.0,1.0,0.01085,0.0007325393334149369,0.0395,0.00635,0.01085,0.00625,0.0108,0.0066,0.0027
fresh31,3,5,250,0.006,1.0,0.4702,0.0035292489285965647,0.9429,0.80975,0.4702,0.0104,0.32855,0.86725,0.00175
fresh31,3,5,250,0.009,1.0,0.9104,0.0020195524256626765,1.0,0.99865,0.9104,0.0142,0.74975,0.99985,0.0016
fresh31,3,5,250,0.012,1.0,0.9988,0.00024480196077645894,1.0,1.0,0.9988,0.0151,0.97425,1.0,0.00145
fresh31,3,5,250,0.0,1.5,0.01085,0.0007325393334149369,0.0395,0.00635,0.01085,0.00625,0.0108,0.0066,0.0027
fresh31,3,5,250,0.006,1.5,0.17205,0.002668789964571959,0.5721,0.35815,0.17205,0.00815,0.12365,0.38005,0.00185
fresh31,3,5,250,0.009,1.5,0.4702,0.0035292489285965647,0.9429,0.80975,0.4702,0.0104,0.32855,0.86725,0.00175
fresh31,3,5,250,0.012,1.5,0.8065,0.0027933649063450337,0.9991,0.9881,0.8065,0.01295,0.61505,0.99575,0.00175
fresh31,3,5,300,0.0,1.0,0.00745,0.0006080500596168049,0.03835,0.0073,0.00745,0.00585,0.00855,0.00755,0.0038
fresh31,3,5,300,0.006,1.0,0.5385,0.0035250372338459066,0.97345,0.8924,0.5385,0.0114,0.3702,0.91235,0.0023
fresh31,3,5,300,0.009,1.0,0.94895,0.001556340218268487,1.0,0.99995,0.94895,0.0149,0.8072,0.9998,0.00205
fresh31,3,5,300,0.012,1.0,0.99985,8.65960449443228e-05,1.0,1.0,0.99985,0.0154,0.9865,1.0,0.0019
fresh31,3,5,300,0.0,1.5,0.00745,0.0006080500596168049,0.03835,0.0073,0.00745,0.00585,0.00855,0.00755,0.0038
fresh31,3,5,300,0.006,1.5,0.19855,0.0028207082222378127,0.65675,0.45365,0.19855,0.00815,0.1317,0.4423,0.0028
fresh31,3,5,300,0.009,1.5,0.5385,0.0035250372338459066,0.97345,0.8924,0.5385,0.0114,0.3702,0.91235,0.0023
fresh31,3,5,300,0.012,1.5,0.86345,0.0024280042988017955,0.9999,0.99795,0.86345,0.01445,0.67055,0.9981,0.00215
fresh31,3,5,500,0.0,1.0,0.00705,0.0005916205498459296,0.03415,0.00465,0.00705,0.0036,0.00735,0.0067,0.004
fresh31,3,5,500,0.006,1.0,0.6902,0.0032697397449950047,0.99775,0.99095,0.6902,0.0087,0.50045,0.9611,0.00315
fresh31,3,5,500,0.009,1.0,0.9906,0.0006823356945082077,1.0,1.0,0.9906,0.01175,0.9201,0.99995,0.0027
fresh31,3,5,500,0.012,1.0,1.0,0.0,1.0,1.0,1.0,0.01185,0.9978,1.0,0.0026
fresh31,3,5,500,0.0,1.5,0.00705,0.0005916205498459296,0.03415,0.00465,0.00705,0.0036,0.00735,0.0067,0.004
fresh31,3,5,500,0.006,1.5,0.2697,0.0031381675385485715,0.8277,0.7206,0.2697,0.00515,0.184,0.52955,0.0033
fresh31,3,5,500,0.009,1.5,0.6902,0.0032697397449950047,0.99775,0.99095,0.6902,0.0087,0.50045,0.9611,0.00315
fresh31,3,5,500,0.012,1.5,0.9541,0.001479749809934099,1.0,1.0,0.9541,0.0116,0.82175,0.99975,0.00265
fresh31,3,5,750,0.0,1.0,0.00845,0.0006472479239055155,0.03665,0.0058,0.00845,0.0025,0.00695,0.0072,0.00605
fresh31,3,5,750,0.006,1.0,0.81075,0.0027697873338940666,0.9999,0.99985,0.81075,0.00875,0.603,0.97635,0.0042
fresh31,3,5,750,0.009,1.0,0.9991,0.00021203655345246628,1.0,1.0,0.9991,0.0101,0.95645,0.99995,0.00355
fresh31,3,5,750,0.012,1.0,1.0,0.0,1.0,1.0,1.0,0.01035,0.99935,1.0,0.00345
fresh31,3,5,750,0.0,1.5,0.00845,0.0006472479239055155,0.03665,0.0058,0.00845,0.0025,0.00695,0.0072,0.00605
fresh31,3,5,750,0.006,1.5,0.3614,0.0033969842507730295,0.93405,0.8891,0.3614,0.00485,0.23255,0.5932,0.00465
fresh31,3,5,750,0.009,1.5,0.81075,0.0027697873338940666,0.9999,0.99985,0.81075,0.00875,0.603,0.97635,0.0042
fresh31,3,5,750,0.012,1.5,0.98635,0.0008204778333385994,1.0,1.0,0.98635,0.01005,0.8921,0.9999,0.00335
fresh31,3,5,1000,0.0,1.0,0.00865,0.0006547968196318611,0.03715,0.0065,0.00865,0.00215,0.00535,0.0072,0.0048
fresh31,3,5,1000,0.006,1.0,0.8722,0.002360796052182399,1.0,1.0,0.8722,0.0077,0.6734,0.9833,0.00345
fresh31,3,5,1000,0.009,1.0,0.9995,0.00015807434959536366,1.0,1.0,0.9995,0.00935,0.97285,1.0,0.00325
fresh31,3,5,1000,0.012,1.0,1.0,0.0,1.0,1.0,1.0,0.0094,0.9999,1.0,0.00315
fresh31,3,5,1000,0.0,1.5,0.00865,0.0006547968196318611,0.03715,0.0065,0.00865,0.00215,0.00535,0.0072,0.0048
fresh31,3,5,1000,0.006,1.5,0.4334,0.0035040293948538728,0.97965,0.96685,0.4334,0.0044,0.2751,0.63115,0.00375
fresh31,3,5,1000,0.009,1.5,0.8722,0.002360796052182399,1.0,1.0,0.8722,0.0077,0.6734,0.9833,0.00345
fresh31,3,5,1000,0.012,1.5,0.9954,0.0004784788396575155,1.0,1.0,0.9954,0.0092,0.92635,0.99985,0.0032
fresh31,5,5,31,0.0,1.0,0.0086,0.0006529180653037562,0.03575,0.00915,0.0086,0.00775,0.0093,0.0095,0.00095
fresh31,5,5,31,0.006,1.0,0.0608,0.0016897242378565798,0.2721,0.07765,0.0608,0.01065,0.04315,0.22295,0.00095
fresh31,5,5,31,0.009,1.0,0.13895,0.0024458423651167707,0.59585,0.1895,0.13895,0.01325,0.0923,0.56805,0.00075
fresh31,5,5,31,0.012,1.0,0.27725,0.0031652996501121346,0.90585,0.38555,0.27725,0.0153,0.17575,0.9002,0.00085
fresh31,5,5,31,0.0,1.5,0.0086,0.0006529180653037562,0.03575,0.00915,0.0086,0.00775,0.0093,0.0095,0.00095
fresh31,5,5,31,0.006,1.5,0.0315,0.0012350657877214476,0.13345,0.0391,0.0315,0.00945,0.02525,0.088,0.0008
fresh31,5,5,31,0.009,1.5,0.0608,0.0016897242378565798,0.2721,0.07765,0.0608,0.01065,0.04315,0.22295,0.00095
fresh31,5,5,31,0.012,1.5,0.1093,0.0022062809204632127,0.47915,0.1424,0.1093,0.01245,0.07255,0.44235,0.00085
fresh31,5,5,64,0.0,1.0,0.00935,0.0006805357264684933,0.038,0.0098,0.00935,0.00855,0.0088,0.00865,0.0018
fresh31,5,5,64,0.006,1.0,0.13285,0.0024000091406075935,0.48515,0.19085,0.13285,0.0119,0.08495,0.41985,0.00155
fresh31,5,5,64,0.009,1.0,0.3512,0.003375341167941398,0.9053,0.50895,0.3512,0.01415,0.2165,0.88975,0.00165
fresh31,5,5,64,0.012,1.0,0.6639,0.0033401855487382734,0.9975,0.85355,0.6639,0.016,0.4425,0.9972,0.00165
fresh31,5,5,64,0.0,1.5,0.00935,0.0006805357264684933,0.038,0.0098,0.00935,0.00855,0.0088,0.00865,0.0018
fresh31,5,5,64,0.006,1.5,0.05635,0.00163056244130668,0.21785,0.07795,0.05635,0.01035,0.0395,0.15155,0.0016
fresh31,5,5,64,0.009,1.5,0.13285,0.0024000091406075935,0.48515,0.19085,0.13285,0.0119,0.08495,0.41985,0.00155
fresh31,5,5,64,0.012,1.5,0.2646,0.0031191893177554965,0.7969,0.388,0.2646,0.01345,0.16035,0.7659,0.0017
fresh31,5,5,100,0.0,1.0,0.0089,0.0006641080484379029,0.0391,0.00765,0.0089,0.00775,0.0101,0.0082,0.00185
fresh31,5,5,100,0.006,1.0,0.22495,0.002952520088839363,0.721,0.3397,0.22495,0.01245,0.1423,0.6607,0.00155
fresh31,5,5,100,0.009,1.0,0.5805,0.003489410766877411,0.9884,0.7819,0.5805,0.0163,0.3854,0.98555,0.0013
fresh31,5,5,100,0.012,1.0,0.8984,0.0021363220730966576,1.0,0.98465,0.8984,0.0192,0.70655,1.0,0.0011
fresh31,5,5,100,0.0,1.5,0.0089,0.0006641080484379029,0.0391,0.00765,0.0089,0.00775,0.0101,0.0082,0.00185
fresh31,5,5,100,0.006,1.5,0.08695,0.0019923566134103605,0.34805,0.1271,0.08695,0.0104,0.0606,0.26585,0.00165
fresh31,5,5,100,0.009,1.5,0.22495,0.002952520088839363,0.721,0.3397,0.22495,0.01245,0.1423,0.6607,0.00155
fresh31,5,5,100,0.012,1.5,0.45345,0.003520178244776818,0.95385,0.6403,0.45345,0.0154,0.2896,0.94135,0.0013
fresh31,5,5,150,0.0,1.0,0.00915,0.0006732858791033717,0.03985,0.00775,0.00915,0.00675,0.0094,0.00875,0.00175
fresh31,5,5,150,0.006,1.0,0.34775,0.0033676396593162994,0.86425,0.5633,0.34775,0.01175,0.22515,0.81185,0.00125
fresh31,5,5,150,0.009,1.0,0.79005,0.0028798524050721763,0.99865,0.9544,0.79005,0.0152,0.5787,0.9978,0.001
fresh31,5,5,150,0.012,1.0,0.9839,0.0008899660105869214,1.0,0.9999,0.9839,0.01685,0.8925,1.0,0.001
fresh31,5,5,150,0.0,1.5,0.00915,0.0006732858791033717,0.03985,0.00775,0.00915,0.00675,0.0094,0.00875,0.00175
fresh31,5,5,150,0.006,1.5,0.12985,0.0023768569319586735,0.47105,0.21845,0.12985,0.0089,0.0854,0.3601,0.0011
fresh31,5,5,150,0.009,1.5,0.34775,0.0033676396593162994,0.86425,0.5633,0.34775,0.01175,0.22515,0.81185,0.00125
fresh31,5,5,150,0.012,1.5,0.6561,0.0033588151928916838,0.99165,0.87825,0.6561,0.01415,0.4469,0.98705,0.001
fresh31,5,5,200,0.0,1.0,0.00875,0.0006585376792560924,0.0374,0.00665,0.00875,0.006,0.01015,0.00685,0.00205
fresh31,5,5,200,0.006,1.0,0.45365,0.003520310195849224,0.9296,0.7172,0.45365,0.01185,0.2923,0.884,0.00175
fresh31,5,5,200,0.009,1.0,0.90065,0.0021151782135319006,1.0,0.99305,0.90065,0.015,0.7116,0.9998,0.00145
fresh31,5,5,200,0.012,1.0,0.9975,0.0003531111722956346,1.0,1.0,0.9975,0.016,0.963,1.0,0.00145
fresh31,5,5,200,0.0,1.5,0.00875,0.0006585376792560924,0.0374,0.00665,0.00875,0.006,0.01015,0.00685,0.00205
fresh31,5,5,200,0.006,1.5,0.1644,0.0026208075091467514,0.55115,0.29675,0.1644,0.00885,0.1102,0.4219,0.00185
fresh31,5,5,200,0.009,1.5,0.45365,0.003520310195849224,0.9296,0.7172,0.45365,0.01185,0.2923,0.884,0.00175
fresh31,5,5,200,0.012,1.5,0.79115,0.0028742971097296117,0.999,0.96455,0.79115,0.01435,0.5729,0.9972,0.0015
fresh31,5,5,250,0.0,1.0,0.00805,0.000631870140930872,0.03895,0.0078,0.00805,0.00655,0.0077,0.00705,0.0021
fresh31,5,5,250,0.006,1.0,0.5543,0.0035146230950131767,0.96915,0.83245,0.5543,0.01345,0.35775,0.9349,0.00175
fresh31,5,5,250,0.009,1.0,0.95445,0.0014743676186758847,1.0,0.99925,0.95445,0.01645,0.80105,0.99985,0.00135
fresh31,5,5,250,0.012,1.0,0.9998,9.998999949994449e-05,1.0,1.0,0.9998,0.0176,0.98825,1.0,0.0012
fresh31,5,5,250,0.0,1.5,0.00805,0.000631870140930872,0.03895,0.0078,0.00805,0.00655,0.0077,0.00705,0.0021
fresh31,5,5,250,0.006,1.5,0.2036,0.002847341215941637,0.648,0.3893,0.2036,0.00945,0.1264,0.49095,0.00175
fresh31,5,5,250,0.009,1.5,0.5543,0.0035146230950131767,0.96915,0.83245,0.5543,0.01345,0.35775,0.9349,0.00175
fresh31,5,5,250,0.012,1.5,0.87535,0.0023357266267694946,0.9997,0.99045,0.87535,0.0158,0.668,0.99885,0.0016
fresh31,5,5,300,0.0,1.0,0.0084,0.000645346418600119,0.0393,0.0072,0.0084,0.0051,0.00935,0.0076,0.0033
fresh31,5,5,300,0.006,1.0,0.643,0.0033878533026091904,0.9855,0.90915,0.643,0.0107,0.4177,0.9619,0.00215
fresh31,5,5,300,0.009,1.0,0.97965,0.0009983956505313907,1.0,0.99985,0.97965,0.01335,0.85795,1.0,0.00155
fresh31,5,5,300,0.012,1.0,1.0,0.0,1.0,1.0,1.0,0.01395,0.99565,1.0,0.00175
fresh31,5,5,300,0.0,1.5,0.0084,0.000645346418600119,0.0393,0.0072,0.0084,0.0051,0.00935,0.0076,0.0033
fresh31,5,5,300,0.006,1.5,0.2492,0.003058589217269949,0.72605,0.4799,0.2492,0.00745,0.1507,0.56395,0.0024
fresh31,5,5,300,0.009,1.5,0.643,0.0033878533026091904,0.9855,0.90915,0.643,0.0107,0.4177,0.9619,0.00215
fresh31,5,5,300,0.012,1.5,0.92865,0.0018201535306121845,1.0,0.9981,0.92865,0.0127,0.7386,0.99975,0.0018
fresh31,5,5,500,0.0,1.0,0.0094,0.0006823356945082091,0.03875,0.00675,0.0094,0.00385,0.0084,0.00605,0.0032
fresh31,5,5,500,0.006,1.0,0.82895,0.0026626293161084217,0.9995,0.99415,0.82895,0.01065,0.6197,0.98445,0.00205
fresh31,5,5,500,0.009,1.0,0.9985,0.0002736558057122072,1.0,1.0,0.9985,0.01255,0.96865,1.0,0.00185
fresh31,5,5,500,0.012,1.0,1.0,0.0,1.0,1.0,1.0,0.01285,0.99985,1.0,0.0014
fresh31,5,5,500,0.0,1.5,0.0094,0.0006823356945082091,0.03875,0.00675,0.0094,0.00385,0.0084,0.00605,0.0032
fresh31,5,5,500,0.006,1.5,0.385,0.0034407484650872113,0.86905,0.73675,0.385,0.0067,0.2573,0.64965,0.0024
fresh31,5,5,500,0.009,1.5,0.82895,0.0026626293161084217,0.9995,0.99415,0.82895,0.01065,0.6197,0.98445,0.00205
fresh31,5,5,500,0.012,1.5,0.98905,0.0007358701481919216,1.0,1.0,0.98905,0.01245,0.90605,0.99995,0.00185
fresh31,5,5,750,0.0,1.0,0.00675,0.000578983484220405,0.037,0.0054,0.00675,0.0035,0.00555,0.0071,0.00445
fresh31,5,5,750,0.006,1.0,0.92565,0.0018550212599859877,1.0,0.9999,0.92565,0.0103,0.7223,0.9929,0.0032
fresh31,5,5,750,0.009,1.0,0.99985,8.65960449443228e-05,1.0,1.0,0.99985,0.01175,0.988,1.0,0.0028
fresh31,5,5,750,0.012,1.0,1.0,0.0,1.0,1.0,1.0,0.0126,0.99995,1.0,0.002
fresh31,5,5,750,0.0,1.5,0.00675,0.000578983484220405,0.037,0.0054,0.00675,0.0035,0.00555,0.0071,0.00445
fresh31,5,5,750,0.006,1.5,0.49075,0.0035349288359173515,0.95855,0.9142,0.49075,0.00565,0.3026,0.7257,0.0037
fresh31,5,5,750,0.009,1.5,0.92565,0.0018550212599859877,1.0,0.9999,0.92565,0.0103,0.7223,0.9929,0.0032
fresh31,5,5,750,0.012,1.5,0.9985,0.0002736558057122072,1.0,1.0,0.9985,0.0116,0.9553,1.0,0.0028
fresh31,5,5,1000,0.0,1.0,0.00645,0.0005660564238660313,0.03515,0.0057,0.00645,0.00265,0.005,0.00675,0.0049
fresh31,5,5,1000,0.006,1.0,0.9522,0.0015085615665262051,1.0,1.0,0.9522,0.0112,0.7729,0.9958,0.0035
fresh31,5,5,1000,0.009,1.0,1.0,0.0,1.0,1.0,1.0,0.0119,0.99345,1.0,0.00305
fresh31,5,5,1000,0.012,1.0,1.0,0.0,1.0,1.0,1.0,0.01215,1.0,1.0,0.0025
fresh31,5,5,1000,0.0,1.5,0.00645,0.0005660564238660313,0.03515,0.0057,0.00645,0.00265,0.005,0.00675,0.0049
fresh31,5,5,1000,0.006,1.5,0.5491,0.003518445608503846,0.9865,0.9707,0.5491,0.00575,0.3405,0.7737,0.00415
fresh31,5,5,1000,0.009,1.5,0.9522,0.0015085615665262051,1.0,1.0,0.9522,0.0112,0.7729,0.9958,0.0035
fresh31,5,5,1000,0.012,1.5,0.99965,0.00013226441320324253,1.0,1.0,0.99965,0.01185,0.96935,1.0,0.0032
fresh31,10,5,31,0.0,1.0,0.0092,0.0006751059176158952,0.0354,0.00975,0.0092,0.00875,0.00895,0.00905,0.001
fresh31,10,5,31,0.006,1.0,0.0657,0.0017519062474915716,0.28265,0.07985,0.0657,0.01075,0.0421,0.2382,0.00075
fresh31,10,5,31,0.009,1.0,0.14885,0.0025168797895410103,0.63235,0.1966,0.14885,0.0129,0.08915,0.6075,0.00075
fresh31,10,5,31,0.012,1.0,0.3012,0.0032440604186728707,0.9179,0.39345,0.3012,0.01455,0.1731,0.91445,0.0009
fresh31,10,5,31,0.0,1.5,0.0092,0.0006751059176158952,0.0354,0.00975,0.0092,0.00875,0.00895,0.00905,0.001
fresh31,10,5,31,0.006,1.5,0.03475,0.001295037402934757,0.1372,0.03925,0.03475,0.00975,0.02495,0.09625,0.00075
fresh31,10,5,31,0.009,1.5,0.0657,0.0017519062474915716,0.28265,0.07985,0.0657,0.01075,0.0421,0.2382,0.00075
fresh31,10,5,31,0.012,1.5,0.1132,0.0022403767540304467,0.50605,0.1484,0.1132,0.0122,0.07145,0.47285,0.0008
fresh31,10,5,64,0.0,1.0,0.009,0.000667794878686562,0.03815,0.00965,0.009,0.0096,0.00875,0.00765,0.00085
fresh31,10,5,64,0.006,1.0,0.14915,0.002518970796773952,0.5421,0.1986,0.14915,0.01275,0.09095,0.48955,0.00065
fresh31,10,5,64,0.009,1.0,0.38795,0.003445611683721774,0.93435,0.5164,0.38795,0.01575,0.23375,0.92645,0.0006
fresh31,10,5,64,0.012,1.0,0.7111,0.003204971060711781,0.9992,0.8557,0.7111,0.0185,0.4671,0.9991,0.0006
fresh31,10,5,64,0.0,1.5,0.009,0.000667794878686562,0.03815,0.00965,0.009,0.0096,0.00875,0.00765,0.00085
fresh31,10,5,64,0.006,1.5,0.06375,0.001727511758281257,0.2501,0.081,0.06375,0.0109,0.04245,0.1855,0.0007
fresh31,10,5,64,0.009,1.5,0.14915,0.002518970796773952,0.5421,0.1986,0.14915,0.01275,0.09095,0.48955,0.00065
fresh31,10,5,64,0.012,1.5,0.29305,0.0032184755514062862,0.846,0.39175,0.29305,0.01465,0.17225,0.82745,0.0007
fresh31,10,5,100,0.0,1.0,0.00815,0.0006357506390087232,0.03655,0.0074,0.00815,0.0073,0.0088,0.00775,0.0018
fresh31,10,5,100,0.006,1.0,0.2291,0.0029716425592591048,0.7454,0.33325,0.2291,0.01225,0.1417,0.7012,0.001
fresh31,10,5,100,0.009,1.0,0.60495,0.003456772320387908,0.99195,0.78025,0.60495,0.0161,0.39215,0.99025,0.00115
fresh31,10,5,100,0.012,1.0,0.91465,0.001975669222061224,1.0,0.98545,0.91465,0.01885,0.7271,1.0,0.00095
fresh31,10,5,100,0.0,1.5,0.00815,0.0006357506390087232,0.03655,0.0074,0.00815,0.0073,0.0088,0.00775,0.0018
fresh31,10,5,100,0.006,1.5,0.08655,0.0019882039319446083,0.35385,0.12325,0.08655,0.0094,0.05705,0.28535,0.00135
fresh31,10,5,100,0.009,1.5,0.2291,0.0029716425592591048,0.7454,0.33325,0.2291,0.01225,0.1417,0.7012,0.001
fresh31,10,5,100,0.012,1.5,0.4678,0.003528194722517452,0.96325,0.63995,0.4678,0.01525,0.2925,0.9564,0.0011
fresh31,10,5,150,0.0,1.0,0.00875,0.0006585376792560924,0.0378,0.00715,0.00875,0.0076,0.0096,0.0065,0.0018
fresh31,10,5,150,0.006,1.0,0.4013,0.0034659653056544003,0.88505,0.5468,0.4013,0.013,0.2442,0.8458,0.00145
fresh31,10,5,150,0.009,1.0,0.83975,0.0025939346319828493,0.99935,0.9528,0.83975,0.01695,0.6191,0.99905,0.00115
fresh31,10,5,150,0.012,1.0,0.9922,0.0006220594826863436,1.0,0.99975,0.9922,0.0187,0.92445,1.0,0.00105
fresh31,10,5,150,0.0,1.5,0.00875,0.0006585376792560924,0.0378,0.00715,0.00875,0.0076,0.0096,0.0065,0.0018
fresh31,10,5,150,0.006,1.5,0.1518,0.0025372894986579676,0.48865,0.2062,0.1518,0.00975,0.09595,0.39145,0.0014
fresh31,10,5,150,0.009,1.5,0.4013,0.0034659653056544003,0.88505,0.5468,0.4013,0.013,0.2442,0.8458,0.00145
fresh31,10,5,150,0.012,1.5,0.71175,0.00320282638851999,0.9947,0.8696,0.71175,0.0157,0.4855,0.99275,0.00125
fresh31,10,5,200,0.0,1.0,0.0091,0.0006714607211147946,0.0404,0.0073,0.0091,0.00755,0.01035,0.00655,0.00195
fresh31,10,5,200,0.006,1.0,0.5412,0.0035235107492386057,0.94675,0.7242,0.5412,0.014,0.34755,0.9184,0.0015
fresh31,10,5,200,0.009,1.0,0.94375,0.0016292012997171348,0.99995,0.9933,0.94375,0.0179,0.77995,0.99995,0.00135
fresh31,10,5,200,0.012,1.0,0.99925,0.00019357653525156767,1.0,1.0,0.99925,0.01905,0.9813,1.0,0.0013
fresh31,10,5,200,0.0,1.5,0.0091,0.0006714607211147946,0.0404,0.0073,0.0091,0.00755,0.01035,0.00655,0.00195
fresh31,10,5,200,0.006,1.5,0.206,0.0028597552342814235,0.59735,0.2976,0.206,0.0099,0.13205,0.4829,0.00155
fresh31,10,5,200,0.009,1.5,0.5412,0.0035235107492386057,0.94675,0.7242,0.5412,0.014,0.34755,0.9184,0.0015
fresh31,10,5,200,0.012,1.5,0.85925,0.0024590591442663597,0.99955,0.96475,0.85925,0.0172,0.6436,0.9988,0.00135
fresh31,10,5,250,0.0,1.0,0.00765,0.0006160956703305095,0.03875,0.0071,0.00765,0.00695,0.0073,0.00715,0.0029
fresh31,10,5,250,0.006,1.0,0.63335,0.0034074754401169204,0.9782,0.8375,0.63335,0.01355,0.4166,0.96175,0.00205
fresh31,10,5,250,0.009,1.0,0.9762,0.001077811671861092,1.0,0.99925,0.9762,0.0172,0.85365,1.0,0.00165
fresh31,10,5,250,0.012,1.0,0.9997,0.0001224561145880366,1.0,1.0,0.9997,0.01795,0.9945,1.0,0.0016
fresh31,10,5,250,0.0,1.5,0.00765,0.0006160956703305095,0.03875,0.0071,0.00765,0.00695,0.0073,0.00715,0.0029
fresh31,10,5,250,0.006,1.5,0.24625,0.003046399001280036,0.6885,0.3896,0.24625,0.00995,0.14715,0.5807,0.002
fresh31,10,5,250,0.009,1.5,0.63335,0.0034074754401169204,0.9782,0.8375,0.63335,0.01355,0.4166,0.96175,0.00205
fresh31,10,5,250,0.012,1.5,0.92145,0.0019023655997205166,0.9999,0.9906,0.92145,0.01625,0.7289,0.9995,0.00185
fresh31,10,5,300,0.0,1.0,0.0086,0.0006529180653037562,0.0381,0.0061,0.0086,0.00545,0.00825,0.00665,0.0023
fresh31,10,5,300,0.006,1.0,0.7181,0.003181449276666218,0.99195,0.9154,0.7181,0.01235,0.4863,0.9765,0.00195
fresh31,10,5,300,0.009,1.0,0.99135,0.0006547968196318628,1.0,1.0,0.99135,0.0168,0.91345,1.0,0.00155
fresh31,10,5,300,0.012,1.0,1.0,0.0,1.0,1.0,1.0,0.017,0.99865,1.0,0.00135
fresh31,10,5,300,0.0,1.5,0.0086,0.0006529180653037562,0.0381,0.0061,0.0086,0.00545,0.00825,0.00665,0.0023
fresh31,10,5,300,0.006,1.5,0.29965,0.0032392891002502385,0.76085,0.48725,0.29965,0.00815,0.1823,0.63405,0.00175
fresh31,10,5,300,0.009,1.5,0.7181,0.003181449276666218,0.99195,0.9154,0.7181,0.01235,0.4863,0.9765,0.00195
fresh31,10,5,300,0.012,1.5,0.9607,0.0013739634274608622,0.99995,0.9989,0.9607,0.01605,0.8089,0.9999,0.00155
fresh31,10,5,500,0.0,1.0,0.0068,0.000581109284042167,0.03935,0.0067,0.0068,0.0056,0.0087,0.0062,0.00275
fresh31,10,5,500,0.006,1.0,0.91185,0.0020047391039733817,0.99975,0.99595,0.91185,0.01365,0.692,0.995,0.00135
fresh31,10,5,500,0.009,1.0,0.9997,0.0001224561145880366,1.0,1.0,0.9997,0.0147,0.9869,1.0,0.0012
fresh31,10,5,500,0.012,1.0,1.0,0.0,1.0,1.0,1.0,0.0151,1.0,1.0,0.0008
fresh31,10,5,500,0.0,1.5,0.0068,0.000581109284042167,0.03935,0.0067,0.0068,0.0056,0.0087,0.0062,0.00275
fresh31,10,5,500,0.006,1.5,0.4775,0.0035319523637784246,0.90675,0.76835,0.4775,0.00945,0.2881,0.769,0.00165
fresh31,10,5,500,0.009,1.5,0.91185,0.0020047391039733817,0.99975,0.99595,0.91185,0.01365,0.692,0.995,0.00135
fresh31,10,5,500,0.012,1.5,0.9975,0.0003531111722956346,1.0,1.0,0.9975,0.01475,0.9482,1.0,0.00115
fresh31,10,5,750,0.0,1.0,0.008,0.0006299206299209449,0.03955,0.00675,0.008,0.00485,0.007,0.00555,0.0029
fresh31,10,5,750,0.006,1.0,0.9789,0.0010162379150572961,1.0,0.99985,0.9789,0.0147,0.8297,0.99895,0.0019
fresh31,10,5,750,0.009,1.0,1.0,0.0,1.0,1.0,1.0,0.0154,0.9982,1.0,0.00165
fresh31,10,5,750,0.012,1.0,1.0,0.0,1.0,1.0,1.0,0.0158,1.0,1.0,0.00115
fresh31,10,5,750,0.0,1.5,0.008,0.0006299206299209449,0.03955,0.00675,0.008,0.00485,0.007,0.00555,0.0029
fresh31,10,5,750,0.006,1.5,0.6466,0.0033801511800509755,0.97315,0.92565,0.6466,0.0095,0.3936,0.8354,0.00205
fresh31,10,5,750,0.009,1.5,0.9789,0.0010162379150572961,1.0,0.99985,0.9789,0.0147,0.8297,0.99895,0.0019
fresh31,10,5,750,0.012,1.5,0.99995,4.999874998437186e-05,1.0,1.0,0.99995,0.0153,0.987,1.0,0.00155
fresh31,10,5,1000,0.0,1.0,0.0073,0.0006019431036235899,0.03665,0.0043,0.0073,0.0036,0.0065,0.0063,0.0033
fresh31,10,5,1000,0.006,1.0,0.99345,0.0005703988735963609,1.0,1.0,0.99345,0.0126,0.88225,0.9995,0.0018
fresh31,10,5,1000,0.009,1.0,1.0,0.0,1.0,1.0,1.0,0.0134,0.99945,1.0,0.0019
fresh31,10,5,1000,0.012,1.0,1.0,0.0,1.0,1.0,1.0,0.01405,1.0,1.0,0.00085
fresh31,10,5,1000,0.0,1.5,0.0073,0.0006019431036235899,0.03665,0.0043,0.0073,0.0036,0.0065,0.0063,0.0033
fresh31,10,5,1000,0.006,1.5,0.7482,0.0030691754593049907,0.99245,0.97965,0.7482,0.00815,0.45525,0.87605,0.00235
fresh31,10,5,1000,0.009,1.5,0.99345,0.0005703988735963609,1.0,1.0,0.99345,0.0126,0.88225,0.9995,0.0018
fresh31,10,5,1000,0.012,1.5,1.0,0.0,1.0,1.0,1.0,0.01315,0.9934,1.0,0.0021
observed64,3,5,31,0.0,1.0,0.00865,0.0006547968196318611,0.03735,0.0058,0.00865,0.0014,0.00865,0.00835,0.0065
observed64,3,5,31,0.006,1.0,0.27975,0.0031740347942327287,0.9982,0.9971,0.27975,0.048,0.18,0.91405,0.03545
observed64,3,5,31,0.009,1.0,0.69245,0.003263150299174097,1.0,1.0,0.69245,0.17035,0.46615,0.99995,0.0818
observed64,3,5,31,0.012,1.0,0.96375,0.0013216644335836537,1.0,1.0,0.96375,0.3986,0.8209,1.0,0.19255
observed64,3,5,31,0.0,1.5,0.00865,0.0006547968196318611,0.03735,0.0058,0.00865,0.0014,0.00865,0.00835,0.0065
observed64,3,5,31,0.006,1.5,0.1039,0.0021576004032257687,0.8217,0.78825,0.1039,0.0141,0.0737,0.4444,0.0201
observed64,3,5,31,0.009,1.5,0.27975,0.0031740347942327287,0.9982,0.9971,0.27975,0.048,0.18,0.91405,0.03545
observed64,3,5,31,0.012,1.5,0.5466,0.0035201451674611375,1.0,1.0,0.5466,0.1161,0.3488,0.9993,0.06075
observed64,3,5,64,0.0,1.0,0.0068,0.000581109284042167,0.03605,0.00515,0.0068,0.0019,0.00725,0.0082,0.0064
observed64,3,5,64,0.006,1.0,0.63505,0.003404126154389699,1.0,1.0,0.63505,0.11655,0.4269,0.9995,0.05655
observed64,3,5,64,0.009,1.0,0.981,0.0009653755745822456,1.0,1.0,0.981,0.3717,0.8691,1.0,0.1801
observed64,3,5,64,0.012,1.0,1.0,0.0,1.0,1.0,1.0,0.67175,0.9957,1.0,0.39365
observed64,3,5,64,0.0,1.5,0.0068,0.000581109284042167,0.03605,0.00515,0.0068,0.0019,0.00725,0.0082,0.0064
observed64,3,5,64,0.006,1.5,0.2548,0.003081208853680646,0.9954,0.9937,0.2548,0.03415,0.16785,0.81005,0.02725
observed64,3,5,64,0.009,1.5,0.63505,0.003404126154389699,1.0,1.0,0.63505,0.11655,0.4269,0.9995,0.05655
observed64,3,5,64,0.012,1.5,0.9223,0.0018929171931175435,1.0,1.0,0.9223,0.27255,0.7494,1.0,0.1258
observed64,3,5,100,0.0,1.0,0.0082,0.0006376817388007908,0.0379,0.00525,0.0082,0.00155,0.00765,0.00675,0.0064
observed64,3,5,100,0.006,1.0,0.8642,0.0024223785831285747,1.0,1.0,0.8642,0.1855,0.6306,1.0,0.08045
observed64,3,5,100,0.009,1.0,0.9994,0.00017315311143609936,1.0,1.0,0.9994,0.5126,0.97805,1.0,0.27795
observed64,3,5,100,0.012,1.0,1.0,0.0,1.0,1.0,1.0,0.80275,0.9999,1.0,0.5621
observed64,3,5,100,0.0,1.5,0.0082,0.0006376817388007908,0.0379,0.00525,0.0082,0.00155,0.00765,0.00675,0.0064
observed64,3,5,100,0.006,1.5,0.4295,0.003500212493549499,0.99995,0.9999,0.4295,0.0552,0.26485,0.94855,0.0331
observed64,3,5,100,0.009,1.5,0.8642,0.0024223785831285747,1.0,1.0,0.8642,0.1855,0.6306,1.0,0.08045
observed64,3,5,100,0.012,1.5,0.9947,0.0005134155237232301,1.0,1.0,0.9947,0.3997,0.9228,1.0,0.19645
observed64,3,5,150,0.0,1.0,0.00725,0.0005998932196649668,0.03795,0.0046,0.00725,0.00235,0.00735,0.0087,0.0061
observed64,3,5,150,0.006,1.0,0.9717,0.0011725849649385752,1.0,1.0,0.9717,0.25945,0.8144,1.0,0.107
observed64,3,5,150,0.009,1.0,1.0,0.0,1.0,1.0,1.0,0.6192,0.99815,1.0,0.3538
observed64,3,5,150,0.012,1.0,1.0,0.0,1.0,1.0,1.0,0.886,1.0,1.0,0.6801
observed64,3,5,150,0.0,1.5,0.00725,0.0005998932196649668,0.03795,0.0046,0.00725,0.00235,0.00735,0.0087,0.0061
observed64,3,5,150,0.006,1.5,0.6272,0.0034192116050341197,1.0,1.0,0.6272,0.08105,0.37885,0.9883,0.04035
observed64,3,5,150,0.009,1.5,0.9717,0.0011725849649385752,1.0,1.0,0.9717,0.25945,0.8144,1.0,0.107
observed64,3,5,150,0.012,1.5,0.99975,0.00011178942257655069,1.0,1.0,0.99975,0.5022,0.9871,1.0,0.25325
observed64,3,5,200,0.0,1.0,0.0065,0.0005682319068830965,0.0381,0.00545,0.0065,0.00315,0.00645,0.0072,0.0068
observed64,3,5,200,0.006,1.0,0.9954,0.0004784788396575155,1.0,1.0,0.9954,0.31105,0.91385,1.0,0.12285
observed64,3,5,200,0.009,1.0,1.0,0.0,1.0,1.0,1.0,0.6941,0.9997,1.0,0.41475
observed64,3,5,200,0.012,1.0,1.0,0.0,1.0,1.0,1.0,0.9263,1.0,1.0,0.75105
observed64,3,5,200,0.0,1.5,0.0065,0.0005682319068830965,0.0381,0.00545,0.0065,0.00315,0.00645,0.0072,0.0068
observed64,3,5,200,0.006,1.5,0.7796,0.002931073523472245,1.0,1.0,0.7796,0.10595,0.49205,0.99725,0.04205
observed64,3,5,200,0.009,1.5,0.9954,0.0004784788396575155,1.0,1.0,0.9954,0.31105,0.91385,1.0,0.12285
observed64,3,5,200,0.012,1.5,1.0,0.0,1.0,1.0,1.0,0.5698,0.9971,1.0,0.29475
observed64,3,5,250,0.0,1.0,0.00625,0.000557267328128969,0.03805,0.0045,0.00625,0.0027,0.006,0.0076,0.00765
observed64,3,5,250,0.006,1.0,0.9982,0.0002997298783905288,1.0,1.0,0.9982,0.33905,0.94825,1.0,0.1406
observed64,3,5,250,0.009,1.0,1.0,0.0,1.0,1.0,1.0,0.72795,0.9998,1.0,0.4606
observed64,3,5,250,0.012,1.0,1.0,0.0,1.0,1.0,1.0,0.94165,1.0,1.0,0.7996
observed64,3,5,250,0.0,1.5,0.00625,0.000557267328128969,0.03805,0.0045,0.00625,0.0027,0.006,0.0076,0.00765
observed64,3,5,250,0.006,1.5,0.84625,0.0025505973565029825,1.0,1.0,0.84625,0.1174,0.56105,0.9988,0.04975
observed64,3,5,250,0.009,1.5,0.9982,0.0002997298783905288,1.0,1.0,0.9982,0.33905,0.94825,1.0,0.1406
observed64,3,5,250,0.012,1.5,1.0,0.0,1.0,1.0,1.0,0.60295,0.999,1.0,0.3286
observed64,3,5,300,0.0,1.0,0.0056,0.0005276665613813329,0.0314,0.00405,0.0056,0.00235,0.00495,0.0056,0.006
observed64,3,5,300,0.006,1.0,0.99975,0.00011178942257655069,1.0,1.0,0.99975,0.348,0.97535,1.0,0.15875
observed64,3,5,300,0.009,1.0,1.0,0.0,1.0,1.0,1.0,0.7461,0.9999,1.0,0.51795
observed64,3,5,300,0.012,1.0,1.0,0.0,1.0,1.0,1.0,0.95495,1.0,1.0,0.8406
observed64,3,5,300,0.0,1.5,0.0056,0.0005276665613813329,0.0314,0.00405,0.0056,0.00235,0.00495,0.0056,0.006
observed64,3,5,300,0.006,1.5,0.91345,0.0019882039319446083,1.0,1.0,0.91345,0.1243,0.64535,0.99985,0.0524
observed64,3,5,300,0.009,1.5,0.99975,0.00011178942257655069,1.0,1.0,0.99975,0.348,0.97535,1.0,0.15875
observed64,3,5,300,0.012,1.5,1.0,0.0,1.0,1.0,1.0,0.618,0.9994,1.0,0.3765
observed64,3,5,500,0.0,1.0,0.00555,0.0005253188317583903,0.0344,0.00565,0.00555,0.003,0.0044,0.0068,0.00615
observed64,3,5,500,0.006,1.0,1.0,0.0,1.0,1.0,1.0,0.405,0.99415,1.0,0.16865
observed64,3,5,500,0.009,1.0,1.0,0.0,1.0,1.0,1.0,0.81595,0.99995,1.0,0.58615
observed64,3,5,500,0.012,1.0,1.0,0.0,1.0,1.0,1.0,0.97465,1.0,1.0,0.88575
observed64,3,5,500,0.0,1.5,0.00555,0.0005253188317583903,0.0344,0.00565,0.00555,0.003,0.0044,0.0068,0.00615
observed64,3,5,500,0.006,1.5,0.986,0.0008307827634225452,1.0,1.0,0.986,0.16395,0.79375,0.99995,0.0568
observed64,3,5,500,0.009,1.5,1.0,0.0,1.0,1.0,1.0,0.405,0.99415,1.0,0.16865
observed64,3,5,500,0.012,1.5,1.0,0.0,1.0,1.0,1.0,0.6967,0.9999,1.0,0.42515
observed64,3,5,750,0.0,1.0,0.0051,0.0005036859140377067,0.03425,0.00525,0.0051,0.0028,0.0056,0.0059,0.00725
observed64,3,5,750,0.006,1.0,1.0,0.0,1.0,1.0,1.0,0.42565,0.99745,1.0,0.19015
observed64,3,5,750,0.009,1.0,1.0,0.0,1.0,1.0,1.0,0.8414,1.0,1.0,0.6659
observed64,3,5,750,0.012,1.0,1.0,0.0,1.0,1.0,1.0,0.98085,1.0,1.0,0.9166
observed64,3,5,750,0.0,1.5,0.0051,0.0005036859140377067,0.03425,0.00525,0.0051,0.0028,0.0056,0.0059,0.00725
observed64,3,5,750,0.006,1.5,0.9968,0.0003993594871791567,1.0,1.0,0.9968,0.17875,0.88625,1.0,0.06425
observed64,3,5,750,0.009,1.5,1.0,0.0,1.0,1.0,1.0,0.42565,0.99745,1.0,0.19015
observed64,3,5,750,0.012,1.5,1.0,0.0,1.0,1.0,1.0,0.72675,1.0,1.0,0.4982
observed64,3,5,1000,0.0,1.0,0.00435,0.0004653534946683005,0.03395,0.00545,0.00435,0.0036,0.00435,0.0073,0.00815
observed64,3,5,1000,0.006,1.0,1.0,0.0,1.0,1.0,1.0,0.44255,0.9981,1.0,0.18505
observed64,3,5,1000,0.009,1.0,1.0,0.0,1.0,1.0,1.0,0.86025,1.0,1.0,0.6663
observed64,3,5,1000,0.012,1.0,1.0,0.0,1.0,1.0,1.0,0.98365,1.0,1.0,0.92125
observed64,3,5,1000,0.0,1.5,0.00435,0.0004653534946683005,0.03395,0.00545,0.00435,0.0036,0.00435,0.0073,0.00815
observed64,3,5,1000,0.006,1.5,0.99905,0.00021784139872852524,1.0,1.0,0.99905,0.1862,0.9132,1.0,0.0699
observed64,3,5,1000,0.009,1.5,1.0,0.0,1.0,1.0,1.0,0.44255,0.9981,1.0,0.18505
observed64,3,5,1000,0.012,1.5,1.0,0.0,1.0,1.0,1.0,0.74925,0.99995,1.0,0.49315
observed64,5,5,31,0.0,1.0,0.0102,0.0007104913792580457,0.03975,0.00675,0.0102,0.001,0.0098,0.0105,0.00555
observed64,5,5,31,0.006,1.0,0.29495,0.0032245503368686927,0.99825,0.998,0.29495,0.04835,0.1913,0.91335,0.03975
observed64,5,5,31,0.009,1.0,0.70375,0.003228667972244901,1.0,1.0,0.70375,0.1744,0.49165,1.0,0.0959
observed64,5,5,31,0.012,1.0,0.9679,0.0012463865772704714,1.0,1.0,0.9679,0.4075,0.8353,1.0,0.22535
observed64,5,5,31,0.0,1.5,0.0102,0.0007104913792580457,0.03975,0.00675,0.0102,0.001,0.0098,0.0105,0.00555
observed64,5,5,31,0.006,1.5,0.1131,0.0022395132283601275,0.83655,0.806,0.1131,0.01405,0.07975,0.4414,0.02135
observed64,5,5,31,0.009,1.5,0.29495,0.0032245503368686927,0.99825,0.998,0.29495,0.04835,0.1913,0.91335,0.03975
observed64,5,5,31,0.012,1.5,0.566,0.0035045969811092403,1.0,1.0,0.566,0.11995,0.37575,0.9996,0.0703
observed64,5,5,64,0.0,1.0,0.0076,0.0006140944552754079,0.0393,0.0062,0.0076,0.00175,0.00705,0.00915,0.00565
observed64,5,5,64,0.006,1.0,0.66025,0.003349029243676442,1.0,1.0,0.66025,0.1413,0.4508,0.99975,0.06485
observed64,5,5,64,0.009,1.0,0.9838,0.0008926802339023754,1.0,1.0,0.9838,0.4226,0.8942,1.0,0.2205
observed64,5,5,64,0.012,1.0,0.99995,4.999874998437186e-05,1.0,1.0,0.99995,0.7157,0.9981,1.0,0.47785
observed64,5,5,64,0.0,1.5,0.0076,0.0006140944552754079,0.0393,0.0062,0.0076,0.00175,0.00705,0.00915,0.00565
observed64,5,5,64,0.006,1.5,0.2721,0.0031469158711347847,0.9965,0.9946,0.2721,0.04385,0.1729,0.8497,0.02825
observed64,5,5,64,0.009,1.5,0.66025,0.003349029243676442,1.0,1.0,0.66025,0.1413,0.4508,0.99975,0.06485
observed64,5,5,64,0.012,1.5,0.93795,0.0017058692432305597,1.0,1.0,0.93795,0.3176,0.7747,1.0,0.15405
observed64,5,5,100,0.0,1.0,0.00715,0.0005957716634751942,0.03735,0.0048,0.00715,0.0015,0.0065,0.0084,0.006
observed64,5,5,100,0.006,1.0,0.8832,0.0022710984126629126,1.0,1.0,0.8832,0.2075,0.6627,1.0,0.09885
observed64,5,5,100,0.009,1.0,0.9997,0.0001224561145880366,1.0,1.0,0.9997,0.55785,0.9869,1.0,0.34115
observed64,5,5,100,0.012,1.0,1.0,0.0,1.0,1.0,1.0,0.82965,0.99995,1.0,0.6433
observed64,5,5,100,0.0,1.5,0.00715,0.0005957716634751942,0.03735,0.0048,0.00715,0.0015,0.0065,0.0084,0.006
observed64,5,5,100,0.006,1.5,0.44325,0.0035126872725877553,1.0,0.99995,0.44325,0.06225,0.2759,0.95385,0.03675
observed64,5,5,100,0.009,1.5,0.8832,0.0022710984126629126,1.0,1.0,0.8832,0.2075,0.6627,1.0,0.09885
observed64,5,5,100,0.012,1.5,0.9964,0.00042349970484051384,1.0,1.0,0.9964,0.4393,0.9444,1.0,0.2438
observed64,5,5,150,0.0,1.0,0.00625,0.000557267328128969,0.03965,0.0062,0.00625,0.0025,0.00675,0.00725,0.00645
observed64,5,5,150,0.006,1.0,0.9776,0.0010463804279515164,1.0,1.0,0.9776,0.28305,0.86185,1.0,0.15505
observed64,5,5,150,0.009,1.0,1.0,0.0,1.0,1.0,1.0,0.65865,0.99925,1.0,0.4695
observed64,5,5,150,0.012,1.0,1.0,0.0,1.0,1.0,1.0,0.909,1.0,1.0,0.78355
observed64,5,5,150,0.0,1.5,0.00625,0.000557267328128969,0.03965,0.0062,0.00625,0.0025,0.00675,0.00725,0.00645
observed64,5,5,150,0.006,1.5,0.6563,0.0033583501157562474,1.0,1.0,0.6563,0.0897,0.43875,0.99255,0.05115
observed64,5,5,150,0.009,1.5,0.9776,0.0010463804279515164,1.0,1.0,0.9776,0.28305,0.86185,1.0,0.15505
observed64,5,5,150,0.012,1.5,0.9999,7.070714249635216e-05,1.0,1.0,0.9999,0.53835,0.9936,1.0,0.35425
observed64,5,5,200,0.0,1.0,0.0065,0.0005682319068830965,0.0362,0.0046,0.0065,0.0027,0.00765,0.00635,0.0063
observed64,5,5,200,0.006,1.0,0.9964,0.00042349970484051384,1.0,1.0,0.9964,0.3442,0.9437,1.0,0.199
observed64,5,5,200,0.009,1.0,1.0,0.0,1.0,1.0,1.0,0.7368,0.9999,1.0,0.57915
observed64,5,5,200,0.012,1.0,1.0,0.0,1.0,1.0,1.0,0.94135,1.0,1.0,0.87425
observed64,5,5,200,0.0,1.5,0.0065,0.0005682319068830965,0.0362,0.0046,0.0065,0.0027,0.00765,0.00635,0.0063
observed64,5,5,200,0.006,1.5,0.79435,0.002857954491415145,1.0,1.0,0.79435,0.11975,0.5461,0.99835,0.05915
observed64,5,5,200,0.009,1.5,0.9964,0.00042349970484051384,1.0,1.0,0.9964,0.3442,0.9437,1.0,0.199
observed64,5,5,200,0.012,1.5,1.0,0.0,1.0,1.0,1.0,0.61535,0.9986,1.0,0.4428
observed64,5,5,250,0.0,1.0,0.0055,0.0005229603235428095,0.03805,0.00535,0.0055,0.00295,0.0067,0.00795,0.00695
observed64,5,5,250,0.006,1.0,0.9988,0.00024480196077645894,1.0,1.0,0.9988,0.3832,0.9741,1.0,0.247
observed64,5,5,250,0.009,1.0,1.0,0.0,1.0,1.0,1.0,0.7879,1.0,1.0,0.6618
observed64,5,5,250,0.012,1.0,1.0,0.0,1.0,1.0,1.0,0.9619,1.0,1.0,0.9161
observed64,5,5,250,0.0,1.5,0.0055,0.0005229603235428095,0.03805,0.00535,0.0055,0.00295,0.0067,0.00795,0.00695
observed64,5,5,250,0.006,1.5,0.8769,0.002323213184363415,1.0,1.0,0.8769,0.1349,0.6474,0.99955,0.0745
observed64,5,5,250,0.009,1.5,0.9988,0.00024480196077645894,1.0,1.0,0.9988,0.3832,0.9741,1.0,0.247
observed64,5,5,250,0.012,1.5,1.0,0.0,1.0,1.0,1.0,0.66965,0.9996,1.0,0.5227
observed64,5,5,300,0.0,1.0,0.00565,0.00053000365564777,0.03715,0.00525,0.00565,0.0024,0.00595,0.0072,0.0067
observed64,5,5,300,0.006,1.0,0.99995,4.999874998437186e-05,1.0,1.0,0.99995,0.4047,0.98905,1.0,0.24935
observed64,5,5,300,0.009,1.0,1.0,0.0,1.0,1.0,1.0,0.80255,1.0,1.0,0.68355
observed64,5,5,300,0.012,1.0,1.0,0.0,1.0,1.0,1.0,0.97055,1.0,1.0,0.93125
observed64,5,5,300,0.0,1.5,0.00565,0.00053000365564777,0.03715,0.00525,0.00565,0.0024,0.00595,0.0072,0.0067
observed64,5,5,300,0.006,1.5,0.92895,0.0018166163257551105,1.0,1.0,0.92895,0.15195,0.71375,0.99975,0.07325
observed64,5,5,300,0.009,1.5,0.99995,4.999874998437186e-05,1.0,1.0,0.99995,0.4047,0.98905,1.0,0.24935
observed64,5,5,300,0.012,1.5,1.0,0.0,1.0,1.0,1.0,0.68865,0.99995,1.0,0.5365
observed64,5,5,500,0.0,1.0,0.0048,0.0004887207791776404,0.0351,0.00485,0.0048,0.00285,0.0049,0.0063,0.0067
observed64,5,5,500,0.006,1.0,1.0,0.0,1.0,1.0,1.0,0.4724,0.99905,1.0,0.32265
observed64,5,5,500,0.009,1.0,1.0,0.0,1.0,1.0,1.0,0.86955,1.0,1.0,0.804
observed64,5,5,500,0.012,1.0,1.0,0.0,1.0,1.0,1.0,0.9861,1.0,1.0,0.96985
observed64,5,5,500,0.0,1.5,0.0048,0.0004887207791776404,0.0351,0.00485,0.0048,0.00285,0.0049,0.0063,0.0067
observed64,5,5,500,0.006,1.5,0.99175,0.0006396068128154976,1.0,1.0,0.99175,0.19855,0.8768,1.0,0.0954
observed64,5,5,500,0.009,1.5,1.0,0.0,1.0,1.0,1.0,0.4724,0.99905,1.0,0.32265
observed64,5,5,500,0.012,1.5,1.0,0.0,1.0,1.0,1.0,0.77115,1.0,1.0,0.6747
observed64,5,5,750,0.0,1.0,0.00475,0.0004861809076876631,0.0368,0.0056,0.00475,0.00385,0.00475,0.00685,0.00855
observed64,5,5,750,0.006,1.0,1.0,0.0,1.0,1.0,1.0,0.4981,0.99945,1.0,0.3491
observed64,5,5,750,0.009,1.0,1.0,0.0,1.0,1.0,1.0,0.8969,1.0,1.0,0.84845
observed64,5,5,750,0.012,1.0,1.0,0.0,1.0,1.0,1.0,0.98905,1.0,1.0,0.9777
observed64,5,5,750,0.0,1.5,0.00475,0.0004861809076876631,0.0368,0.0056,0.00475,0.00385,0.00475,0.00685,0.00855
observed64,5,5,750,0.006,1.5,0.99855,0.00026906295731668,1.0,1.0,0.99855,0.214,0.94595,1.0,0.1086
observed64,5,5,750,0.009,1.5,1.0,0.0,1.0,1.0,1.0,0.4981,0.99945,1.0,0.3491
observed64,5,5,750,0.012,1.5,1.0,0.0,1.0,1.0,1.0,0.8031,0.99995,1.0,0.72495
observed64,5,5,1000,0.0,1.0,0.00515,0.0005061362217822392,0.03335,0.00575,0.00515,0.0033,0.0046,0.00575,0.00705
observed64,5,5,1000,0.006,1.0,1.0,0.0,1.0,1.0,1.0,0.50785,0.9998,1.0,0.37265
observed64,5,5,1000,0.009,1.0,1.0,0.0,1.0,1.0,1.0,0.90745,1.0,1.0,0.87435
observed64,5,5,1000,0.012,1.0,1.0,0.0,1.0,1.0,1.0,0.99245,1.0,1.0,0.9826
observed64,5,5,1000,0.0,1.5,0.00515,0.0005061362217822392,0.03335,0.00575,0.00515,0.0033,0.0046,0.00575,0.00705
observed64,5,5,1000,0.006,1.5,0.9996,0.0001413930691370613,1.0,1.0,0.9996,0.2149,0.9666,1.0,0.1097
observed64,5,5,1000,0.009,1.5,1.0,0.0,1.0,1.0,1.0,0.50785,0.9998,1.0,0.37265
observed64,5,5,1000,0.012,1.5,1.0,0.0,1.0,1.0,1.0,0.81755,1.0,1.0,0.76335
observed64,10,5,31,0.0,1.0,0.00845,0.0006472479239055155,0.03545,0.0056,0.00845,0.0008,0.00865,0.00775,0.00525
observed64,10,5,31,0.006,1.0,0.29265,0.003217188038489513,0.99825,0.9979,0.29265,0.0509,0.2048,0.9242,0.0429
observed64,10,5,31,0.009,1.0,0.70515,0.0032242322923449543,1.0,1.0,0.70515,0.1835,0.51805,1.0,0.11035
observed64,10,5,31,0.012,1.0,0.9676,0.0012520031948841021,1.0,1.0,0.9676,0.4247,0.86305,1.0,0.2527
observed64,10,5,31,0.0,1.5,0.00845,0.0006472479239055155,0.03545,0.0056,0.00845,0.0008,0.00865,0.00775,0.00525
observed64,10,5,31,0.006,1.5,0.1119,0.00222910733254368,0.83975,0.80855,0.1119,0.0137,0.0808,0.45715,0.0215
observed64,10,5,31,0.009,1.5,0.29265,0.003217188038489513,0.99825,0.9979,0.29265,0.0509,0.2048,0.9242,0.0429
observed64,10,5,31,0.012,1.5,0.56275,0.003507580629864408,1.0,1.0,0.56275,0.126,0.39625,0.9997,0.0822
observed64,10,5,64,0.0,1.0,0.00665,0.0005747076430673251,0.03855,0.0072,0.00665,0.00135,0.0075,0.00765,0.0044
observed64,10,5,64,0.006,1.0,0.6684,0.0033289746169053317,1.0,1.0,0.6684,0.1447,0.4735,0.9999,0.08715
observed64,10,5,64,0.009,1.0,0.9866,0.0008130325946725619,1.0,1.0,0.9866,0.44815,0.91475,1.0,0.28085
observed64,10,5,64,0.012,1.0,1.0,0.0,1.0,1.0,1.0,0.74075,0.9989,1.0,0.5512
observed64,10,5,64,0.0,1.5,0.00665,0.0005747076430673251,0.03855,0.0072,0.00665,0.00135,0.0075,0.00765,0.0044
observed64,10,5,64,0.006,1.5,0.2806,0.0031769768648827143,0.99695,0.9961,0.2806,0.041,0.1909,0.8414,0.0355
observed64,10,5,64,0.009,1.5,0.6684,0.0033289746169053317,1.0,1.0,0.6684,0.1447,0.4735,0.9999,0.08715
observed64,10,5,64,0.012,1.5,0.9438,0.0016285201871637947,1.0,1.0,0.9438,0.3345,0.8015,1.0,0.20185
observed64,10,5,100,0.0,1.0,0.00715,0.0005957716634751942,0.0373,0.00555,0.00715,0.00185,0.00805,0.00755,0.0062
observed64,10,5,100,0.006,1.0,0.88685,0.002239945060710195,1.0,1.0,0.88685,0.233,0.7141,1.0,0.1539
observed64,10,5,100,0.009,1.0,0.99985,8.65960449443228e-05,1.0,1.0,0.99985,0.5932,0.99375,1.0,0.4419
observed64,10,5,100,0.012,1.0,1.0,0.0,1.0,1.0,1.0,0.8603,1.0,1.0,0.74305
observed64,10,5,100,0.0,1.5,0.00715,0.0005957716634751942,0.0373,0.00555,0.00715,0.00185,0.00805,0.00755,0.0062
observed64,10,5,100,0.006,1.5,0.4597,0.0035240311434492177,1.0,1.0,0.4597,0.0701,0.30795,0.96085,0.05415
observed64,10,5,100,0.009,1.5,0.88685,0.002239945060710195,1.0,1.0,0.88685,0.233,0.7141,1.0,0.1539
observed64,10,5,100,0.012,1.5,0.99685,0.0003962371449018874,1.0,1.0,0.99685,0.4735,0.96325,1.0,0.3358
observed64,10,5,150,0.0,1.0,0.00675,0.000578983484220405,0.0411,0.0059,0.00675,0.002,0.00705,0.00875,0.00685
observed64,10,5,150,0.006,1.0,0.9828,0.0009193519456660762,1.0,1.0,0.9828,0.33025,0.8904,1.0,0.24155
observed64,10,5,150,0.009,1.0,1.0,0.0,1.0,1.0,1.0,0.71905,0.99975,1.0,0.6176
observed64,10,5,150,0.012,1.0,1.0,0.0,1.0,1.0,1.0,0.92895,1.0,1.0,0.88725
observed64,10,5,150,0.0,1.5,0.00675,0.000578983484220405,0.0411,0.0059,0.00675,0.002,0.00705,0.00875,0.00685
observed64,10,5,150,0.006,1.5,0.6767,0.003307394064819008,1.0,1.0,0.6767,0.11085,0.46365,0.99585,0.07935
observed64,10,5,150,0.009,1.5,0.9828,0.0009193519456660762,1.0,1.0,0.9828,0.33025,0.8904,1.0,0.24155
observed64,10,5,150,0.012,1.5,0.99995,4.999874998437186e-05,1.0,1.0,0.99995,0.6024,0.99705,1.0,0.49085
observed64,10,5,200,0.0,1.0,0.0069,0.0005853370823722003,0.03965,0.00535,0.0069,0.00205,0.00685,0.00795,0.00725
observed64,10,5,200,0.006,1.0,0.99755,0.00034957098706843166,1.0,1.0,0.99755,0.38375,0.96165,1.0,0.30115
observed64,10,5,200,0.009,1.0,1.0,0.0,1.0,1.0,1.0,0.78355,1.0,1.0,0.7152
observed64,10,5,200,0.012,1.0,1.0,0.0,1.0,1.0,1.0,0.9594,1.0,1.0,0.94255
observed64,10,5,200,0.0,1.5,0.0069,0.0005853370823722003,0.03965,0.00535,0.0069,0.00205,0.00685,0.00795,0.00725
observed64,10,5,200,0.006,1.5,0.81835,0.002726291230774878,1.0,1.0,0.81835,0.1329,0.58765,0.9994,0.09285
observed64,10,5,200,0.009,1.5,0.99755,0.00034957098706843166,1.0,1.0,0.99755,0.38375,0.96165,1.0,0.30115
observed64,10,5,200,0.012,1.5,1.0,0.0,1.0,1.0,1.0,0.6709,0.9997,1.0,0.58815
observed64,10,5,250,0.0,1.0,0.00435,0.0004653534946683005,0.0363,0.0053,0.00435,0.0026,0.0059,0.006,0.0075
observed64,10,5,250,0.006,1.0,0.99945,0.00016578562965469148,1.0,1.0,0.99945,0.43035,0.9865,1.0,0.3494
observed64,10,5,250,0.009,1.0,1.0,0.0,1.0,1.0,1.0,0.82295,1.0,1.0,0.78805
observed64,10,5,250,0.012,1.0,1.0,0.0,1.0,1.0,1.0,0.97285,1.0,1.0,0.9672
observed64,10,5,250,0.0,1.5,0.00435,0.0004653534946683005,0.0363,0.0053,0.00435,0.0026,0.0059,0.006,0.0075
observed64,10,5,250,0.006,1.5,0.88725,0.0022364865023066873,1.0,1.0,0.88725,0.1595,0.69205,0.9999,0.10905
observed64,10,5,250,0.009,1.5,0.99945,0.00016578562965469148,1.0,1.0,0.99945,0.43035,0.9865,1.0,0.3494
observed64,10,5,250,0.012,1.5,1.0,0.0,1.0,1.0,1.0,0.7204,0.99995,1.0,0.66035
observed64,10,5,300,0.0,1.0,0.00635,0.000561679512711653,0.0366,0.0053,0.00635,0.00275,0.00645,0.00615,0.00575
observed64,10,5,300,0.006,1.0,0.99985,8.65960449443228e-05,1.0,1.0,0.99985,0.46245,0.9948,1.0,0.38655
observed64,10,5,300,0.009,1.0,1.0,0.0,1.0,1.0,1.0,0.85075,1.0,1.0,0.83605
observed64,10,5,300,0.012,1.0,1.0,0.0,1.0,1.0,1.0,0.9793,1.0,1.0,0.98
observed64,10,5,300,0.0,1.5,0.00635,0.000561679512711653,0.0366,0.0053,0.00635,0.00275,0.00645,0.00615,0.00575
observed64,10,5,300,0.006,1.5,0.9411,0.0016647941314168542,1.0,1.0,0.9411,0.1804,0.7759,1.0,0.1223
observed64,10,5,300,0.009,1.5,0.99985,8.65960449443228e-05,1.0,1.0,0.99985,0.46245,0.9948,1.0,0.38655
observed64,10,5,300,0.012,1.5,1.0,0.0,1.0,1.0,1.0,0.7484,1.0,1.0,0.71545
observed64,10,5,500,0.0,1.0,0.0056,0.0005276665613813329,0.0357,0.00485,0.0056,0.00295,0.00575,0.007,0.00625
observed64,10,5,500,0.006,1.0,1.0,0.0,1.0,1.0,1.0,0.52685,0.9998,1.0,0.49145
observed64,10,5,500,0.009,1.0,1.0,0.0,1.0,1.0,1.0,0.9016,1.0,1.0,0.9254
observed64,10,5,500,0.012,1.0,1.0,0.0,1.0,1.0,1.0,0.99135,1.0,1.0,0.9945
observed64,10,5,500,0.0,1.5,0.0056,0.0005276665613813329,0.0357,0.00485,0.0056,0.00295,0.00575,0.007,0.00625
observed64,10,5,500,0.006,1.5,0.99355,0.0005660564238660293,1.0,1.0,0.99355,0.225,0.91925,1.0,0.15485
observed64,10,5,500,0.009,1.5,1.0,0.0,1.0,1.0,1.0,0.52685,0.9998,1.0,0.49145
observed64,10,5,500,0.012,1.5,1.0,0.0,1.0,1.0,1.0,0.81755,1.0,1.0,0.83845
observed64,10,5,750,0.0,1.0,0.0047,0.00048362743925463953,0.0382,0.0056,0.0047,0.0039,0.00555,0.0055,0.00685
observed64,10,5,750,0.006,1.0,1.0,0.0,1.0,1.0,1.0,0.587,0.99985,1.0,0.62745
observed64,10,5,750,0.009,1.0,1.0,0.0,1.0,1.0,1.0,0.93115,1.0,1.0,0.96605
observed64,10,5,750,0.012,1.0,1.0,0.0,1.0,1.0,1.0,0.99565,1.0,1.0,0.9981
observed64,10,5,750,0.0,1.5,0.0047,0.00048362743925463953,0.0382,0.0056,0.0047,0.0039,0.00555,0.0055,0.00685
observed64,10,5,750,0.006,1.5,0.9994,0.00017315311143609936,1.0,1.0,0.9994,0.25405,0.9778,1.0,0.2207
observed64,10,5,750,0.009,1.5,1.0,0.0,1.0,1.0,1.0,0.587,0.99985,1.0,0.62745
observed64,10,5,750,0.012,1.5,1.0,0.0,1.0,1.0,1.0,0.85815,1.0,1.0,0.9152
observed64,10,5,1000,0.0,1.0,0.0033,0.00040553113320681064,0.03765,0.00505,0.0033,0.00325,0.0044,0.007,0.00945
observed64,10,5,1000,0.006,1.0,1.0,0.0,1.0,1.0,1.0,0.6018,1.0,1.0,0.665
observed64,10,5,1000,0.009,1.0,1.0,0.0,1.0,1.0,1.0,0.93725,1.0,1.0,0.9743
observed64,10,5,1000,0.012,1.0,1.0,0.0,1.0,1.0,1.0,0.9957,1.0,1.0,0.99875
observed64,10,5,1000,0.0,1.5,0.0033,0.00040553113320681064,0.03765,0.00505,0.0033,0.00325,0.0044,0.007,0.00945
observed64,10,5,1000,0.006,1.5,0.99965,0.00013226441320324253,1.0,1.0,0.99965,0.2576,0.98865,1.0,0.22545
observed64,10,5,1000,0.009,1.5,1.0,0.0,1.0,1.0,1.0,0.6018,1.0,1.0,0.665
observed64,10,5,1000,0.012,1.5,1.0,0.0,1.0,1.0,1.0,0.87065,1.0,1.0,0.9348
