mode,run_id,corruption,abs_rel,rmse_m,delta1,calibrated_abs_rel,calibrated_rmse_m,calibrated_delta1,aligned_change,calibrated_change,native_abs_rel
base,base,dark,0.09696606203381133,0.32371239272881375,0.8952997555223816,0.332551885066079,0.9720879653787449,0.5060482518768525,9.335608260407029e-05,0.003929393022589285,
base,base,blur,0.09683466747419724,0.3105468312641967,0.9063048992882023,0.33209411307227094,0.9679305905285397,0.516317664048809,-3.803847701005218e-05,0.003471621028781349,
mixed,draw1_mixed_seed17,dark,0.0805790444764181,0.2857711167018943,0.9336437982735121,0.31514649125179856,0.9334307566710651,0.5175971149477511,-0.0018831132097751444,-0.001875200171434607,
mixed,draw1_mixed_seed17,blur,0.08828886447365525,0.2946514145399597,0.9117073408191083,0.31933399691147346,0.9330807736708054,0.5195956653901906,0.005826706787462026,0.0023123054882403494,
mixed,draw1_mixed_seed29,dark,0.08180732418661726,0.28873142994031054,0.9300871086735466,0.31793102672419243,0.9416351002678984,0.519547256658229,-0.0016157772768787635,-0.0010216406699991205,
mixed,draw1_mixed_seed29,blur,0.08660534678136353,0.2935597260495122,0.9153293416412455,0.318413814795558,0.9371133026581481,0.5326035514160231,0.0031822453178674648,-0.0005388525986336134,
mixed,draw1_mixed_seed43,dark,0.08543277313386083,0.28635264074050465,0.9166263711300059,0.31322581524162213,0.9331646555253911,0.5298566939270029,-0.00030806536090127344,-0.0007135544518781558,
mixed,draw1_mixed_seed43,blur,0.0896539715815655,0.29355620570508184,0.906074349321737,0.3188698481924542,0.940332742931188,0.5224520510157721,0.003913133086803368,0.00493047849895393,
mixed,draw1_mixed_seed59,dark,0.08257395122565937,0.28790329632591505,0.9256617662967049,0.3173367703656635,0.940813982629345,0.5124134592501244,-0.0032245342378658466,-0.001956262805805285,
mixed,draw1_mixed_seed59,blur,0.09035447499157752,0.2963921188156487,0.9099836924774453,0.31824248558507107,0.9343999042967233,0.5321055364444732,0.004555989528052318,-0.0010505475863978005,
mixed,draw1_mixed_seed71,dark,0.0825094661143838,0.28568341041967116,0.9244454631011876,0.31390519047966625,0.9343752184513957,0.5255887475389973,-0.0037265430874742237,-0.0006008577095890724,
mixed,draw1_mixed_seed71,blur,0.08641191355335008,0.28742728577073107,0.9104168018865884,0.31761862241716715,0.931278165194955,0.5336393360160967,0.00017590435149207137,0.0031125742279117376,
mixed,draw2_mixed_seed17,dark,0.08011101552317776,0.28237955726604724,0.9319822158759006,0.30786281580899116,0.9164718817003978,0.5371868306613877,-0.0010194254586188087,-0.0012450217138955093,
mixed,draw2_mixed_seed17,blur,0.0869175542993941,0.29203003133201966,0.9139267053936523,0.31138001114131447,0.9189990978539333,0.5433351452802838,0.005787113317597537,0.0022721736184277887,
mixed,draw2_mixed_seed29,dark,0.08754128152631176,0.29228406290517245,0.9126125029748382,0.31009164453638527,0.9202033524331584,0.5319385398411979,0.0005764031916473467,0.0004707966379072855,
mixed,draw2_mixed_seed29,blur,0.08902803659150714,0.29175696609963936,0.9140456989247312,0.31055488465257247,0.918057606283322,0.5342544514398216,0.00206315825684272,0.0009340367540943113,
mixed,draw2_mixed_seed43,dark,0.07895933235676926,0.28071857615921475,0.9348110166374591,0.30879316044950583,0.9202514471938246,0.5383414735726185,-0.0012996165487896185,0.00047323477510753214,
mixed,draw2_mixed_seed43,blur,0.08462354346626595,0.2857872118135827,0.9141335918738236,0.30787499732510343,0.9126309331351947,0.5510762153566562,0.004364594560707083,-0.0004449283492949434,
mixed,draw2_mixed_seed59,dark,0.07804326418804806,0.2796519978768121,0.9346152181908656,0.3109030092476327,0.9175704201916732,0.5356572229073364,-0.0014597150940006064,0.000599912278983787,
mixed,draw2_mixed_seed59,blur,0.08735998559457053,0.290226967003491,0.909456740442656,0.3120257909532611,0.9181544430998965,0.5350902457757296,0.00785700631252188,0.001722693984612187,
mixed,draw2_mixed_seed71,dark,0.07910685452112204,0.2827347679548079,0.9304751898487701,0.3049454065988623,0.905865243723395,0.5577451266740225,-0.002848645348038648,-0.0012438960972929,
mixed,draw2_mixed_seed71,blur,0.0848503181017581,0.2875827801072327,0.9121136766837586,0.3060765834583368,0.9042587545138655,0.5575642024188139,0.002894818232597408,-0.00011271923781843556,
mixed,draw3_mixed_seed17,dark,0.08609952190374504,0.2901443184510791,0.9145215378291253,0.3109486491154698,0.9298911347546938,0.5185917926916336,-0.00023155536747366368,-0.0017147352407778796,
mixed,draw3_mixed_seed17,blur,0.0880282298161511,0.29203787706315665,0.9098893089721122,0.31250277123205017,0.9271870032943704,0.5398067166439497,0.001697152544932405,-0.00016061312419759135,
mixed,draw3_mixed_seed29,dark,0.08320749637278085,0.2891918530922451,0.9333763332684277,0.30820562691872505,0.9188806518948455,0.5251312985439518,-0.0034557034581292486,-0.00411155740147951,
mixed,draw3_mixed_seed29,blur,0.09382498500814278,0.3019886511666601,0.9110224519157958,0.31114982236487876,0.915337499106558,0.5354357326756236,0.0071617851772326725,-0.0011673619553258514,
mixed,draw3_mixed_seed43,dark,0.09069821532673773,0.2991601889433391,0.9064610782977434,0.30711580003112243,0.9161426654195073,0.5396274150278012,0.0007213315451608543,-0.002787995572377868,
mixed,draw3_mixed_seed43,blur,0.0888563058309401,0.29128487075501425,0.9082046039678935,0.30996494056595875,0.9126195282325882,0.5530726022803487,-0.0011205779506367804,6.1144962458457e-05,
mixed,draw3_mixed_seed59,dark,0.08702929024543309,0.2927222537347005,0.9144727234373986,0.3120832710336369,0.9258823537196216,0.528080580255728,-0.0009219374199608465,-0.0013231952906704555,
mixed,draw3_mixed_seed59,blur,0.08922877711084863,0.29439119390307983,0.9095369258562126,0.3139570694877283,0.9238222417040349,0.5384159797494644,0.0012775494454547013,0.0005506031634208731,
mixed,draw3_mixed_seed71,dark,0.08374460849868777,0.2881425066791136,0.9157784070011467,0.311545513272714,0.9311498069245165,0.5262606553298286,-0.0012303135179851346,-0.0020031140246527545,
mixed,draw3_mixed_seed71,blur,0.09039471819328043,0.29302582075577355,0.9060858430150797,0.3135494337620811,0.9280372050858515,0.5412115164102896,0.0054197961766075334,8.064647143780151e-07,
expert,expert504,dark,0.09405365357126003,0.32159334912759385,0.9060009249042643,0.14676601041156526,0.5102115692128345,0.8225162804785704,0.0037407545379487843,-0.000758873791246162,0.3511445267651544
expert,expert504,blur,0.11144288308994252,0.3556725253816338,0.862707021700093,0.1772901356035349,0.5936482235065225,0.739761282750265,0.021129984056631246,0.029765251400723457,0.3335489591173413
