cohort,metric,compared,reference,uncertainty,difference,ci_low,ci_high,bonferroni_ci_low,bonferroni_ci_high,p_bootstrap,p_holm
fresh31,abs_rel,mixed_r256,base_r256,scene,-0.02558133225486405,-0.047845960737998634,-0.009434909491895589,-0.05787955985917995,-0.0059173599411106465,0.01384930753462327,0.06924653767311635
fresh31,abs_rel,mixed_r256,base_r256,hierarchical,-0.02558133225486405,-0.04812718133160176,-0.009259490749517605,-0.05836168776130144,-0.005445223824344085,0.014299285035748212,0.07149642517874105
fresh31,abs_rel,mixed_r256,base_r256,crossed,-0.02558133225486405,-0.04824137334540049,-0.009243795523096421,-0.057387175305858386,-0.005514584603669266,0.01559922003899805,0.07799610019499024
fresh31,abs_rel,mixed_r512,base_r512,scene,-0.012247995934618183,-0.023791194880034987,-0.0033233794109998513,-0.028758641156815933,-0.0016669608037570066,0.01949902504874756,0.07799610019499024
fresh31,abs_rel,mixed_r512,base_r512,hierarchical,-0.012247995934618183,-0.024665455460879494,-0.003171408073646004,-0.030296966385884475,-0.001224418601494255,0.0271986400679966,0.1087945602719864
fresh31,abs_rel,mixed_r512,base_r512,crossed,-0.012247995934618183,-0.024594134169015566,-0.0031486216140391506,-0.030796811314514977,-0.0009490493512956302,0.02734863256837158,0.10939453027348632
fresh31,abs_rel,high512_r256,base_r256,scene,9.684198196567874e-05,-0.015855495934537302,0.011889631453834539,-0.023324824875927058,0.014736427130994129,0.9892505374731263,1.0
fresh31,abs_rel,high512_r256,base_r256,hierarchical,9.684198196567874e-05,-0.017524268488762068,0.0131047622804524,-0.026237947721341963,0.01663325913891759,0.9889005549722514,1.0
fresh31,abs_rel,high512_r256,base_r256,crossed,9.684198196567874e-05,-0.01807047765215509,0.013036400593872509,-0.026572982837530592,0.01712571491446222,0.9895005249737513,1.0
fresh31,abs_rel,high512_r512,base_r512,scene,-0.01348459879722607,-0.02949835965076885,-0.0027650588560294907,-0.03643414606380127,-0.0010521159084728713,0.04589770511474426,0.13769311534423279
fresh31,abs_rel,high512_r512,base_r512,hierarchical,-0.01348459879722607,-0.030646352614055614,-0.002492832249598689,-0.038391217874952505,-0.000595348192949587,0.05434728263586821,0.16304184790760462
fresh31,abs_rel,high512_r512,base_r512,crossed,-0.01348459879722607,-0.030729106899171875,-0.002546922704494059,-0.039444666055607966,-0.0005401548958482663,0.05474726263686815,0.16424178791060445
fresh31,abs_rel,mixed_r256,high512_r256,scene,-0.02567817423682973,-0.03794421994512225,-0.015047017734217688,-0.042451111935818506,-0.011914820728312221,0.000199990000499975,0.00119994000299985
fresh31,abs_rel,mixed_r256,high512_r256,hierarchical,-0.02567817423682973,-0.03942690076851446,-0.014351629423009512,-0.045917434429698166,-0.01118831410821216,0.0006999650017499125,0.004199790010499475
fresh31,abs_rel,mixed_r256,high512_r256,crossed,-0.02567817423682973,-0.03999409793021513,-0.014164478970750469,-0.046379227888198836,-0.011051666834211125,0.001399930003499825,0.00839958002099895
fresh31,abs_rel,mixed_r512,high512_r512,scene,0.0012366028626078854,-0.00438064233038315,0.008627045681513115,-0.00599805351452663,0.011900131219875711,0.7183640817959102,1.0
fresh31,abs_rel,mixed_r512,high512_r512,hierarchical,0.0012366028626078854,-0.0050112763291834065,0.009183740973270833,-0.007420655315606925,0.01331151924785527,0.7271636418179092,1.0
fresh31,abs_rel,mixed_r512,high512_r512,crossed,0.0012366028626078854,-0.005100782722027271,0.009496808208182253,-0.00787378961397492,0.01397071400091984,0.7341632918354082,1.0
fresh31,calibrated_abs_rel,mixed_r256,base_r256,scene,-0.048735470302712795,-0.07430813405219602,-0.025273105313265504,-0.08347260776031785,-0.0185659560454802,0.0002999850007499625,0.0014999250037498126
fresh31,calibrated_abs_rel,mixed_r256,base_r256,hierarchical,-0.048735470302712795,-0.07554761448498942,-0.02488015595494802,-0.08599261772059977,-0.018029699704669274,0.0007999600019999,0.0047997600119994
fresh31,calibrated_abs_rel,mixed_r256,base_r256,crossed,-0.048735470302712795,-0.07504602442727126,-0.024827325629700813,-0.08517368528637258,-0.017775531481419218,0.00039998000099995,0.0023998800059997
fresh31,calibrated_abs_rel,mixed_r512,base_r512,scene,-0.016016273474566748,-0.02518084776601257,-0.006967577095693214,-0.028248872897519175,-0.004079819202086625,0.000599970001499925,0.0023998800059997
fresh31,calibrated_abs_rel,mixed_r512,base_r512,hierarchical,-0.016016273474566748,-0.026257873357731325,-0.006159783514661753,-0.029903266554899093,-0.0028833170894942434,0.0017499125043747813,0.006999650017499125
fresh31,calibrated_abs_rel,mixed_r512,base_r512,crossed,-0.016016273474566748,-0.02608323379918029,-0.006134669798160976,-0.029596089137976067,-0.002409983154776777,0.002199890005499725,0.0087995600219989
fresh31,calibrated_abs_rel,high512_r256,base_r256,scene,-0.034266195628256245,-0.054307810909129506,-0.016178531891905552,-0.06279089103629913,-0.01064555429040585,0.0007999600019999,0.0023998800059997
fresh31,calibrated_abs_rel,high512_r256,base_r256,hierarchical,-0.034266195628256245,-0.05676622591384878,-0.014977546543630925,-0.06706515879728298,-0.009210427768953132,0.003649817509124544,0.010949452527373631
fresh31,calibrated_abs_rel,high512_r256,base_r256,crossed,-0.034266195628256245,-0.05784125203452711,-0.014839978085155995,-0.06739286247893636,-0.009208826104509025,0.0031998400079996,0.0095995200239988
fresh31,calibrated_abs_rel,high512_r512,base_r512,scene,-0.017494645702568357,-0.026663178566549366,-0.008454016205579042,-0.02980241504269464,-0.005740175069052201,0.00024998750062496874,0.0014999250037498126
fresh31,calibrated_abs_rel,high512_r512,base_r512,hierarchical,-0.017494645702568357,-0.027829020252803947,-0.007655589655553561,-0.03177640567759339,-0.00477651853779679,0.000999950002499875,0.004999750012499375
fresh31,calibrated_abs_rel,high512_r512,base_r512,crossed,-0.017494645702568357,-0.027916818769195384,-0.007666562256688177,-0.031774928756459965,-0.004189766921713565,0.0006999650017499125,0.0034998250087495625
fresh31,calibrated_abs_rel,mixed_r256,high512_r256,scene,-0.014469274674456538,-0.026815357265305012,-0.002855883445996587,-0.03142534434361848,0.0010017567691676364,0.01864906754662267,0.03729813509324534
fresh31,calibrated_abs_rel,mixed_r256,high512_r256,hierarchical,-0.014469274674456538,-0.02990831206378132,-0.0015474943600707499,-0.036738611279455456,0.002783736988512497,0.04459777011149443,0.08919554022298885
fresh31,calibrated_abs_rel,mixed_r256,high512_r256,crossed,-0.014469274674456538,-0.03071555928863177,-0.0009204396197379233,-0.03752164073075408,0.0030638682182822143,0.0551972401379931,0.1103944802759862
fresh31,calibrated_abs_rel,mixed_r512,high512_r512,scene,0.001478372228001606,-0.0009480848910029541,0.004113855501866854,-0.0016904684612348796,0.005057686320334067,0.24863756812159393,0.24863756812159393
fresh31,calibrated_abs_rel,mixed_r512,high512_r512,hierarchical,0.001478372228001606,-0.0015657258283419619,0.004751498580292339,-0.002843844162225681,0.006080914679583376,0.3431828408579571,0.3431828408579571
fresh31,calibrated_abs_rel,mixed_r512,high512_r512,crossed,0.001478372228001606,-0.0018490209558367377,0.004976160970270841,-0.003211210013120369,0.006504565508371626,0.3685315734213289,0.3685315734213289
observed64,abs_rel,mixed_r256,base_r256,scene,-0.026054943658175497,-0.03228484589067654,-0.020166608972911858,-0.03469341507979026,-0.01838625098829963,4.999750012499375e-05,0.0002999850007499625
observed64,abs_rel,mixed_r256,base_r256,hierarchical,-0.026054943658175497,-0.032349216208665765,-0.01999755716765616,-0.03498701624217799,-0.018002673523969365,4.999750012499375e-05,0.0002999850007499625
observed64,abs_rel,mixed_r256,base_r256,crossed,-0.026054943658175497,-0.03250033106760152,-0.019988773377870975,-0.03498620206134656,-0.0180666463608091,4.999750012499375e-05,0.0002999850007499625
observed64,abs_rel,mixed_r512,base_r512,scene,-0.006529673569506621,-0.010603555408667758,-0.0030489545335363006,-0.012284412870595268,-0.0019213186156611937,0.0014499275036248187,0.005799710014499275
observed64,abs_rel,mixed_r512,base_r512,hierarchical,-0.006529673569506621,-0.010835374163847042,-0.0029453754828000314,-0.012642806866881946,-0.0018195566175485942,0.0025498725063746812,0.010199490025498725
observed64,abs_rel,mixed_r512,base_r512,crossed,-0.006529673569506621,-0.01092272206529719,-0.002870338273744691,-0.013065910457985993,-0.0017205981310063282,0.004349782510874456,0.017399130043497826
observed64,abs_rel,high512_r256,base_r256,scene,-0.004735733390433083,-0.009659090287355173,0.0006483620056680693,-0.011113586614289673,0.0029253029217276676,0.0712964351782411,0.1425928703564822
observed64,abs_rel,high512_r256,base_r256,hierarchical,-0.004735733390433083,-0.010374941795647475,0.0015462457481793662,-0.012160237653828386,0.0038868007961708035,0.11839408029598521,0.23678816059197041
observed64,abs_rel,high512_r256,base_r256,crossed,-0.004735733390433083,-0.010915104277973322,0.0023857218860426407,-0.012985114994968556,0.005451428571865887,0.15319234038298085,0.3063846807659617
observed64,abs_rel,high512_r512,base_r512,scene,-0.005660379311658071,-0.010063136555276022,-0.0019316878060684818,-0.01182199081124341,-0.0008508758229737182,0.007749612519374031,0.02324883755812209
observed64,abs_rel,high512_r512,base_r512,hierarchical,-0.005660379311658071,-0.010404452695667662,-0.0016550059502175023,-0.012321486316334092,-0.0004433085301395254,0.013249337533123344,0.03974801259937003
observed64,abs_rel,high512_r512,base_r512,crossed,-0.005660379311658071,-0.010578772386385184,-0.0015843343358111093,-0.012719631628353805,-0.00027161003211710713,0.016999150042497874,0.050997450127493626
observed64,abs_rel,mixed_r256,high512_r256,scene,-0.021319210267742417,-0.027663308574799397,-0.015635465660920157,-0.030101103866828703,-0.013987499376099236,4.999750012499375e-05,0.0002999850007499625
observed64,abs_rel,mixed_r256,high512_r256,hierarchical,-0.021319210267742417,-0.02847198282200796,-0.015095521498226946,-0.03126543010514128,-0.013166229473499868,4.999750012499375e-05,0.0002999850007499625
observed64,abs_rel,mixed_r256,high512_r256,crossed,-0.021319210267742417,-0.02909690537596602,-0.01471940994469801,-0.0324164305061707,-0.012876257961802341,4.999750012499375e-05,0.0002999850007499625
observed64,abs_rel,mixed_r512,high512_r512,scene,-0.0008692942578485499,-0.0020900690604997267,0.0003311484930545945,-0.0024954199854337763,0.0007759476549130303,0.159942002899855,0.159942002899855
observed64,abs_rel,mixed_r512,high512_r512,hierarchical,-0.0008692942578485499,-0.0025086976465587977,0.0006785626163175591,-0.003225331762902142,0.0012685673948238773,0.2703364831758412,0.2703364831758412
observed64,abs_rel,mixed_r512,high512_r512,crossed,-0.0008692942578485499,-0.002616112379842179,0.0006916192891248594,-0.0034847860631522713,0.001316976305023245,0.27068646567671617,0.3063846807659617
observed64,calibrated_abs_rel,mixed_r256,base_r256,scene,-0.05197780420137387,-0.06493358166665511,-0.03925504034212352,-0.06906625908978055,-0.0351688098220721,4.999750012499375e-05,0.0002999850007499625
observed64,calibrated_abs_rel,mixed_r256,base_r256,hierarchical,-0.05197780420137387,-0.06577161882478384,-0.03897002568838122,-0.07027740631647021,-0.034779229998808635,4.999750012499375e-05,0.0002999850007499625
observed64,calibrated_abs_rel,mixed_r256,base_r256,crossed,-0.05197780420137387,-0.06552537616408799,-0.03885269968538539,-0.07039466263211508,-0.03457975132456009,4.999750012499375e-05,0.0002999850007499625
observed64,calibrated_abs_rel,mixed_r512,base_r512,scene,-0.02364510596213137,-0.032390941675572014,-0.015843246828010586,-0.03566989670243883,-0.013570976019280822,4.999750012499375e-05,0.0002999850007499625
observed64,calibrated_abs_rel,mixed_r512,base_r512,hierarchical,-0.02364510596213137,-0.03338243348122122,-0.015306487239663978,-0.037801515662012744,-0.0129303431978296,4.999750012499375e-05,0.0002999850007499625
observed64,calibrated_abs_rel,mixed_r512,base_r512,crossed,-0.02364510596213137,-0.033606956265344004,-0.015549575357256379,-0.038481897252963526,-0.01292058074828247,0.0002999850007499625,0.000999950002499875
observed64,calibrated_abs_rel,high512_r256,base_r256,scene,-0.03673543981422955,-0.04637391688000513,-0.027417785216340702,-0.049633541574140114,-0.02426805022025976,4.999750012499375e-05,0.0002999850007499625
observed64,calibrated_abs_rel,high512_r256,base_r256,hierarchical,-0.03673543981422955,-0.048435703379369775,-0.02595740361413186,-0.052569882445673205,-0.022590356933158598,4.999750012499375e-05,0.0002999850007499625
observed64,calibrated_abs_rel,high512_r256,base_r256,crossed,-0.03673543981422955,-0.048872695060402246,-0.02577940937002138,-0.05334506488375944,-0.022375608435297206,4.999750012499375e-05,0.0002999850007499625
observed64,calibrated_abs_rel,high512_r512,base_r512,scene,-0.02342747548260165,-0.03323296773592423,-0.014844241501846994,-0.03690700288905013,-0.012469100541701259,4.999750012499375e-05,0.0002999850007499625
observed64,calibrated_abs_rel,high512_r512,base_r512,hierarchical,-0.02342747548260165,-0.03427398237747875,-0.014016485602503926,-0.03852472205111675,-0.011304314109639113,4.999750012499375e-05,0.0002999850007499625
observed64,calibrated_abs_rel,high512_r512,base_r512,crossed,-0.02342747548260165,-0.034395590980231656,-0.014160269919446217,-0.039247799701502696,-0.011202391994250183,0.00024998750062496874,0.000999950002499875
observed64,calibrated_abs_rel,mixed_r256,high512_r256,scene,-0.015242364387144325,-0.022289739754181137,-0.008588708596904098,-0.02482291750566143,-0.006166182685078602,9.99950002499875e-05,0.0002999850007499625
observed64,calibrated_abs_rel,mixed_r256,high512_r256,hierarchical,-0.015242364387144325,-0.02433426067073801,-0.007106977386940632,-0.027965426953639266,-0.0044431898225845805,0.0008999550022498875,0.001799910004499775
observed64,calibrated_abs_rel,mixed_r256,high512_r256,crossed,-0.015242364387144325,-0.02484451582858608,-0.00646256584390873,-0.028794110151040397,-0.00346309000526819,0.0020998950052497373,0.004199790010499475
observed64,calibrated_abs_rel,mixed_r512,high512_r512,scene,-0.00021763047952972543,-0.00249181642654031,0.0019510839693142783,-0.0033284423390653557,0.0027038667678410825,0.84000799960002,0.84000799960002
observed64,calibrated_abs_rel,mixed_r512,high512_r512,hierarchical,-0.00021763047952972543,-0.0030229531788746244,0.0029771899851833974,-0.004024263573622769,0.004565309849626527,0.8824058797060147,0.8824058797060147
observed64,calibrated_abs_rel,mixed_r512,high512_r512,crossed,-0.00021763047952972543,-0.0032846301287392976,0.0031531897175037862,-0.0043988530508871715,0.005230610171994593,0.8828058597070146,0.8828058597070146
