cohort,group,label,draw,seed,abs_rel,rmse_m,delta1,calibrated_abs_rel,calibrated_rmse_m,calibrated_delta1,inference_seconds
fresh31,base_r256,base_r256,,,0.12685886317414857,0.4118460652520834,0.8480735217758162,0.3646518609590521,1.053453630479977,0.45212714458795783,0.06680024838668384
observed64,base_r256,base_r256,,,0.11160790927836606,0.400071540545828,0.8823307029678069,0.3580338187179116,1.0974852515312858,0.4211117617161301,0.06704168593734039
fresh31,base_r512,base_r512,,,0.09687270595120726,0.323131616469714,0.8960600971419916,0.32862249204348953,0.9629908046637772,0.5176651305683564,0.18959618064494158
observed64,base_r512,base_r512,,,0.06661075009128303,0.2631401569376801,0.9559590616616365,0.3349083851151175,1.022662087516594,0.43299111072686114,0.18935956406176047
fresh31,high512_r256,draw1_high512_seed17_r256,draw1,17,0.12111862970106237,0.40119029206278395,0.8514173752190562,0.34181747352238306,1.0060228268221032,0.482200460829493,0.07400368064578113
observed64,high512_r256,draw1_high512_seed17_r256,draw1,17,0.10440817879439063,0.3865266812919842,0.8947570841716969,0.3302136615250935,1.0285943907060693,0.45618594378772637,0.07399349999980132
fresh31,high512_r512,draw1_high512_seed17_r512,draw1,17,0.08083123592680959,0.28235041228425406,0.9285687241729949,0.31610206938188606,0.9342193069201158,0.524167586162134,0.1947553129029984
observed64,high512_r512,draw1_high512_seed17_r512,draw1,17,0.05811039133770806,0.24187539403986363,0.963829919621898,0.31526819201760736,0.9728568354424956,0.46694457107226695,0.1947089531250299
fresh31,mixed_r256,draw1_mixed_seed17_r256,draw1,17,0.10095296013335425,0.34103542737721204,0.9031276367884727,0.3210175545203898,0.9453337074831593,0.5106338298608857,0.07467990645184933
observed64,mixed_r256,draw1_mixed_seed17_r256,draw1,17,0.08274216798980036,0.3218017039861667,0.9345716224429912,0.3062517153231041,0.9597977202242441,0.4833776749035882,0.0740351031248565
fresh31,mixed_r512,draw1_mixed_seed17_r512,draw1,17,0.08246215768619324,0.28414404378495794,0.9207461164838494,0.3170216914232332,0.9299718993107824,0.5354059842928539,0.1949171903228665
observed64,mixed_r512,draw1_mixed_seed17_r512,draw1,17,0.059567749005777826,0.24282190035471893,0.9600205399061033,0.3127536458936834,0.9588438047936875,0.4719836597711268,0.1950209453127627
fresh31,high512_r256,draw1_high512_seed29_r256,draw1,29,0.11433875363337023,0.3908656537181404,0.8774294963328358,0.3283970955468052,0.9880240965390031,0.5076404664546418,0.07398323225812244
observed64,high512_r256,draw1_high512_seed29_r256,draw1,29,0.09676032798276642,0.36276950316299394,0.9096581441775654,0.3226713857587523,1.0047834463659353,0.47193047608568073,0.07471079062497665
fresh31,high512_r512,draw1_high512_seed29_r512,draw1,29,0.0841708420007026,0.2891225700703698,0.9278106812920534,0.3183449052932716,0.9343694060792745,0.5263432747019753,0.20655774193578363
observed64,high512_r512,draw1_high512_seed29_r512,draw1,29,0.06449625413981527,0.24875039962840345,0.950995949656271,0.31867095336763523,0.9713177449908778,0.45975776534205226,0.19946748906249923
fresh31,mixed_r256,draw1_mixed_seed29_r256,draw1,29,0.10083957006000263,0.3501231720901476,0.9074491302654637,0.32336317866777325,0.9595985591479309,0.5129981501914714,0.07841215161299202
observed64,mixed_r256,draw1_mixed_seed29_r256,draw1,29,0.08480960266281459,0.31804385881158487,0.9303226258593225,0.3112806620374699,0.9681870407482314,0.47637439218645206,0.07572543593761338
fresh31,mixed_r512,draw1_mixed_seed29_r512,draw1,29,0.08342310146349605,0.28748892935178927,0.9282493347179853,0.3189526673941916,0.9386099173724997,0.5308781452153783,0.1995732935482069
observed64,mixed_r512,draw1_mixed_seed29_r512,draw1,29,0.06185660176873778,0.241969462170823,0.9578626708165661,0.31398866419743254,0.9661683058500118,0.45837767490358816,0.1993397921873452
fresh31,high512_r256,draw1_high512_seed43_r256,draw1,43,0.13789405039090408,0.4479735095392047,0.8106990058631357,0.3433030012667108,1.0057310806545203,0.47819443542978296,0.07649541612925297
observed64,high512_r256,draw1_high512_seed43_r256,draw1,43,0.10914076663897271,0.3991904393017025,0.882785908157277,0.3313492542383014,1.0355097273367444,0.45368244623993964,0.07781297968756462
fresh31,high512_r512,draw1_high512_seed43_r512,draw1,43,0.09067314627958158,0.29895086059035403,0.8961743579758119,0.3149621517062579,0.9358912573922887,0.5394805661928562,0.20035050322598358
observed64,high512_r512,draw1_high512_seed43_r512,draw1,43,0.06055855123881962,0.24869058195993501,0.9604885170397384,0.3188355965173816,0.9814547714908339,0.4726443295187793,0.20190445937475943
fresh31,mixed_r256,draw1_mixed_seed43_r256,draw1,43,0.10433330951755694,0.34518361510581946,0.8988465740680645,0.3249700044129459,0.9584410499650302,0.5103433774691157,0.07570661290282582
observed64,mixed_r256,draw1_mixed_seed43_r256,draw1,43,0.08527317070861579,0.33517309770810916,0.9297903305248156,0.31344320023732386,0.98196254838426,0.46686892186452045,0.07536697500000855
fresh31,mixed_r512,draw1_mixed_seed43_r512,draw1,43,0.0857408384947621,0.2839108640219678,0.9135172594708033,0.3139393696935001,0.9305395380377547,0.5362275805369853,0.19877589354807917
observed64,mixed_r512,draw1_mixed_seed43_r512,draw1,43,0.05970017556228964,0.24340983619027134,0.9595216481178739,0.3175204153219555,0.9785623670924174,0.4708803602867203,0.19916224218758316
fresh31,high512_r256,draw1_high512_seed59_r256,draw1,59,0.1245897622158943,0.4142217824371486,0.8561629183704377,0.3297145365078247,0.9836752529026375,0.5072713160684537,0.07603442258034428
observed64,high512_r256,draw1_high512_seed59_r256,draw1,59,0.10659917415914005,0.38570936208676654,0.893212726882126,0.3223402062572468,1.005558379456187,0.4753252588447351,0.07571139687485129
fresh31,high512_r512,draw1_high512_seed59_r512,draw1,59,0.08091046337070942,0.28083474668713887,0.9352600819973605,0.3165451192111853,0.9334856806847923,0.5395938804872245,0.19894346451650152
observed64,high512_r512,draw1_high512_seed59_r512,draw1,59,0.06033706162074515,0.24681529223702509,0.9598109490274984,0.31208187886115335,0.9612292822500317,0.47373295764168344,0.1993991187501365
fresh31,mixed_r256,draw1_mixed_seed59_r256,draw1,59,0.10052565645203249,0.3462230711715471,0.9032409510828413,0.3200995145066043,0.9462281357467723,0.5284367495294346,0.07657729032296394
observed64,mixed_r256,draw1_mixed_seed59_r256,draw1,59,0.08431031602091649,0.3228827568860809,0.9296550134138162,0.310917805492112,0.9669717192178878,0.4804313511275989,0.07586965937485957
fresh31,mixed_r512,draw1_mixed_seed59_r512,draw1,59,0.08579848546352518,0.2882738596018107,0.9149627604335691,0.31929303317146884,0.9367077163227651,0.5254773263235326,0.19894590967716444
observed64,mixed_r512,draw1_mixed_seed59_r512,draw1,59,0.05934904517954923,0.24290361884295653,0.9621793259557345,0.31100634438890523,0.9574219872888057,0.473896635018444,0.20116988906221422
fresh31,high512_r256,draw1_high512_seed71_r256,draw1,71,0.13321840591092313,0.43162523531988367,0.8357087416974968,0.33354787863593005,0.9921915991350009,0.48252552952121336,0.07570594838691777
observed64,high512_r256,draw1_high512_seed71_r256,draw1,71,0.11140923842082703,0.40806430732555865,0.8794318646252515,0.3225305343592384,1.0190547028139334,0.46871384557344065,0.07530879374996857
fresh31,high512_r512,draw1_high512_seed71_r512,draw1,71,0.08183516073679697,0.2814727442250193,0.92569435429783,0.31227431180522885,0.9244468923574147,0.5449500768049156,0.19904493225793327
observed64,high512_r512,draw1_high512_seed71_r512,draw1,71,0.05890070276154112,0.24416633471541518,0.9619003735957411,0.3129314157970302,0.9683619765958694,0.4631187515719316,0.19928490937491006
fresh31,mixed_r256,draw1_mixed_seed71_r256,draw1,71,0.1007843139548586,0.345600767261004,0.9017217552627592,0.3230658974152874,0.9521068552838815,0.5159017275697194,0.07544268386998502
observed64,mixed_r256,draw1_mixed_seed71_r256,draw1,71,0.0870985906652322,0.33081522110943773,0.9244151759515425,0.3081724303147211,0.9696979999826966,0.4867185535085513,0.07562861875021554
fresh31,mixed_r512,draw1_mixed_seed71_r512,draw1,71,0.086236009201858,0.28618854036792396,0.9095112340710934,0.3145060481892553,0.9280437733882485,0.5434517048527725,0.1987879419352647
observed64,mixed_r512,draw1_mixed_seed71_r512,draw1,71,0.059483176713822444,0.2422786959715606,0.9599291713824614,0.31439610446252175,0.9705059781453343,0.4666018899857478,0.19940716875009912
fresh31,high512_r256,draw2_high512_seed17_r256,draw2,17,0.12784619025216712,0.42912810663398054,0.8494001644274248,0.3328798017583886,1.0006461957612127,0.4974433969407845,0.07534590967794254
observed64,high512_r256,draw2_high512_seed17_r256,draw2,17,0.11128258896583784,0.40283650175203023,0.8824155872736419,0.32319452729390535,1.019984151374158,0.46227999507461437,0.07649138906236885
fresh31,high512_r512,draw2_high512_seed17_r512,draw2,17,0.07822978531697802,0.2755027910753732,0.9368069979013869,0.31153171565561777,0.9217311978124502,0.5378064083425284,0.1986352774194177
observed64,high512_r512,draw2_high512_seed17_r512,draw2,17,0.06044046750221683,0.24520423203671948,0.9600616721160296,0.3065858844513656,0.9509389575105848,0.4790456279342723,0.19921599531261336
fresh31,mixed_r256,draw2_mixed_seed17_r256,draw2,17,0.10027501850371456,0.3420273715723288,0.9022526286752776,0.3122424045764638,0.9331890078426367,0.5318736342787912,0.075887629031997
observed64,mixed_r256,draw2_mixed_seed17_r256,draw2,17,0.08403238250258524,0.3238887096624603,0.9292284959758552,0.30167645728744585,0.9485330482088086,0.4989320034792085,0.07544867968744029
fresh31,mixed_r512,draw2_mixed_seed17_r512,draw2,17,0.08113044098179657,0.2798417512166155,0.9231341003007291,0.3091078375228867,0.914347574473543,0.5489842279483352,0.19893065161288118
observed64,mixed_r512,draw2_mixed_seed17_r512,draw2,17,0.05968254753461482,0.2440611109680481,0.9610534954518779,0.30725509520579697,0.9495686147195732,0.4794319301224011,0.19911078593770526
fresh31,high512_r256,draw2_high512_seed29_r256,draw2,29,0.12423469942928717,0.411015931244773,0.8576881990869949,0.3306780475518857,0.9879636975022414,0.5063172043010752,0.0752082225803714
observed64,high512_r256,draw2_high512_seed29_r256,draw2,29,0.10416336005078375,0.38799882743766245,0.8963271163438967,0.32027594162353956,1.0148347252216692,0.4654923682721328,0.07538608749973719
fresh31,high512_r512,draw2_high512_seed29_r512,draw2,29,0.08434004545457031,0.2864993931143879,0.9153945176434954,0.31201084320950784,0.9222181432962273,0.5413866262088661,0.19878254516093405
observed64,high512_r512,draw2_high512_seed29_r512,draw2,29,0.06216528119935887,0.24842592066384214,0.9573470117580483,0.31769194989227945,0.9749664420206545,0.46460927020456066,0.19722079374997747
fresh31,mixed_r256,draw2_mixed_seed29_r256,draw2,29,0.10286808758053269,0.35277833752152493,0.8981442417948552,0.31421667899168887,0.9447643555322649,0.530872330758746,0.07405597741906662
observed64,mixed_r256,draw2_mixed_seed29_r256,draw2,29,0.08689292721261668,0.3303774112526925,0.927142739247988,0.3069838924081061,0.970416228643571,0.48665809963950374,0.07384624531232475
fresh31,mixed_r512,draw2_mixed_seed29_r512,draw2,29,0.08696487833466442,0.287702814969525,0.9153120334912701,0.30962084789847805,0.9148033060033091,0.5420604270786007,0.2036536516126005
observed64,mixed_r512,draw2_mixed_seed29_r512,draw2,29,0.06071162528715357,0.246285754572644,0.9572098607268612,0.3160396292298742,0.9686700265051962,0.47000518737424546,0.2025343015625367
fresh31,high512_r256,draw2_high512_seed43_r256,draw2,43,0.12175405869393115,0.4001943415276286,0.861492341143636,0.31801260671809123,0.9599070604196526,0.5329126641569849,0.08787700322617668
observed64,high512_r256,draw2_high512_seed43_r256,draw2,43,0.1102794701106948,0.39697416447632694,0.879000762386821,0.31382219349527657,0.9973559139207033,0.48099279269366196,0.08512859999973443
fresh31,high512_r512,draw2_high512_seed43_r512,draw2,43,0.07930479056414291,0.27778471247049896,0.9331718807468469,0.30603453013693044,0.9134245560298003,0.5563660186928021,0.21103673871015594
observed64,high512_r512,draw2_high512_seed43_r512,draw2,43,0.05928516928349928,0.24407603084577836,0.9638664015342052,0.3058546563470109,0.9561745621582121,0.4779959706153588,0.20684849374981695
fresh31,mixed_r256,draw2_mixed_seed43_r256,draw2,43,0.09810512043700546,0.34280235976107554,0.9124300913004914,0.3105660629915245,0.9353886258151347,0.5371029943099457,0.10368214838742842
observed64,mixed_r256,draw2_mixed_seed43_r256,draw2,43,0.08428804117538527,0.32207189354651455,0.9347725676978538,0.3020187930620149,0.9567154884028215,0.49594808433936954,0.10825422656250794
fresh31,mixed_r512,draw2_mixed_seed43_r512,draw2,43,0.08025894890555886,0.2773702863201727,0.9220519352675192,0.3083199256743984,0.913798804807179,0.5543631412128687,0.22506869677430763
observed64,mixed_r512,draw2_mixed_seed43_r512,draw2,43,0.05818678025752644,0.2401438193345284,0.9631791399438296,0.304450786757436,0.9504637716805049,0.47570173646042924,0.22979791562494256
fresh31,high512_r256,draw2_high512_seed59_r256,draw2,59,0.12034592186326018,0.3963749786058328,0.8628031630644082,0.31036148083597664,0.9444609053497929,0.5337272289651891,0.10219935483861088
observed64,high512_r256,draw2_high512_seed59_r256,draw2,59,0.0993276931706409,0.3714720287879236,0.9038287668720658,0.31041853674896724,0.9867777456281914,0.47736726347669356,0.09707658125006446
fresh31,high512_r512,draw2_high512_seed59_r512,draw2,59,0.07679235496984227,0.2752837087763076,0.9373455788494407,0.30779560209530743,0.9129447715566025,0.549190438328898,0.23159472580676177
observed64,high512_r512,draw2_high512_seed59_r512,draw2,59,0.058281108954900906,0.23913893003865633,0.963979580608652,0.30791995000979006,0.9543469748448854,0.4727377284540577,0.23807244843726494
fresh31,mixed_r256,draw2_mixed_seed59_r256,draw2,59,0.1020816705510131,0.34891270526320267,0.8998211040436167,0.312493642424515,0.9349599941534803,0.5269528461089115,0.1050653516129739
observed64,mixed_r256,draw2_mixed_seed59_r256,draw2,59,0.08371965773490055,0.3235868912141001,0.9341040382922535,0.30446374237345064,0.953245877339344,0.48636231451207246,0.10669706093722198
fresh31,mixed_r512,draw2_mixed_seed59_r512,draw2,59,0.07950297928204865,0.2789259666245708,0.9333556446204107,0.31030309696864894,0.9140301789065028,0.5404901181281235,0.230591541935287
observed64,mixed_r512,draw2_mixed_seed59_r512,draw2,59,0.058777183083338666,0.24032764905585022,0.9603683297702884,0.30749951654640734,0.9499162112240022,0.47160908157276993,0.22977364843751502
fresh31,high512_r256,draw2_high512_seed71_r256,draw2,71,0.12768492597403283,0.4270316076023806,0.8463533891521169,0.3149016725516883,0.9547456201635633,0.5182503623893902,0.10075615483876918
observed64,high512_r256,draw2_high512_seed71_r256,draw2,71,0.11039843543991856,0.4021670164205729,0.8780871426475519,0.309671383723552,0.9779229156514401,0.4832455016557679,0.08570883750013536
fresh31,high512_r512,draw2_high512_seed71_r512,draw2,71,0.08248640878554908,0.2889246125774112,0.9296945652409077,0.301745784597479,0.8943483409627276,0.5701205891261547,0.21615583548390854
observed64,high512_r512,draw2_high512_seed71_r512,draw2,71,0.06143992794530698,0.24934910924650822,0.9615645697099262,0.306382594567124,0.9473707389869296,0.4759934607645875,0.2107164125000054
fresh31,mixed_r256,draw2_mixed_seed71_r256,draw2,71,0.09705513508373469,0.3435193756073148,0.9067058263559853,0.30662160903580754,0.9242917582124544,0.5500594967655394,0.08023600967686845
observed64,mixed_r256,draw2_mixed_seed71_r256,draw2,71,0.08739025058567806,0.3313384292605236,0.9252700447476525,0.30591755896749295,0.9629959853509931,0.4851829073398725,0.09307443906283197
fresh31,mixed_r512,draw2_mixed_seed71_r512,draw2,71,0.08195549986916069,0.2820206017940256,0.9184684721230608,0.30618930269615524,0.9028421815167549,0.5603229592609421,0.20893313225807955
observed64,mixed_r512,draw2_mixed_seed71_r512,draw2,71,0.06025283394169245,0.24443861283158613,0.9637801417882293,0.30853187266766596,0.9530791885998109,0.4712954157235077,0.20896398125000815
fresh31,high512_r256,draw3_high512_seed17_r256,draw3,17,0.14371407918597678,0.46819256900127726,0.8124866132277536,0.33978423804238705,0.9955926819603838,0.46123907423032817,0.07973969999969291
observed64,high512_r256,draw3_high512_seed17_r256,draw3,17,0.11911248300542562,0.42910571041489787,0.8641148977196512,0.32172685364396253,1.016994181403521,0.47365455755365526,0.08058128437494361
fresh31,high512_r512,draw3_high512_seed17_r512,draw3,17,0.09151580211840517,0.31093362733546737,0.9047651500400251,0.3104203703766932,0.9194427622127938,0.5433208119685857,0.2089102419352369
observed64,high512_r512,draw3_high512_seed17_r512,draw3,17,0.0657943801363187,0.25982271705512794,0.9539725331153588,0.31114745070994637,0.9670868124622434,0.47754292683182425,0.20860614374993247
fresh31,mixed_r256,draw3_mixed_seed17_r256,draw3,17,0.10058542682051491,0.34953270392790037,0.9070164265160858,0.3150609853816886,0.9521088786783131,0.5110768103243114,0.07982156451638026
observed64,mixed_r256,draw3_mixed_seed17_r256,draw3,17,0.08743990498945528,0.3288682806227169,0.9232718577087524,0.3033530857991873,0.9658750878530367,0.49047258813296446,0.07923749687500958
fresh31,mixed_r512,draw3_mixed_seed17_r512,draw3,17,0.08633107727121869,0.2867207494096494,0.9157747560632613,0.3126633843562477,0.9266153010263017,0.5308245981263928,0.20929967419379542
observed64,mixed_r512,draw3_mixed_seed17_r512,draw3,17,0.06108737044213654,0.24856350625915874,0.9573179965207914,0.3130771706943851,0.9698246757887169,0.47495172860077134,0.20881604843754076
fresh31,high512_r256,draw3_high512_seed29_r256,draw3,29,0.12578721097297046,0.41498813880895885,0.8512403723415761,0.3313119368123375,0.9950168728285053,0.4839112632785963,0.07967982258102688
observed64,high512_r256,draw3_high512_seed29_r256,draw3,29,0.10492689933578553,0.39147008606247546,0.8859028520078807,0.3216759504116179,1.0112828422000923,0.4711237476945003,0.0793052343749423
fresh31,high512_r512,draw3_high512_seed29_r512,draw3,29,0.07997783165179063,0.28532768172581036,0.9337940276064994,0.3089109306994683,0.9170394170974985,0.542296521061855,0.2103842419348967
observed64,high512_r512,draw3_high512_seed29_r512,draw3,29,0.061060713687453076,0.24922200071535436,0.9639522028001342,0.30624568662920076,0.9538483136171696,0.4805554682260228,0.2091966171875015
fresh31,mixed_r256,draw3_mixed_seed29_r256,draw3,29,0.1031058619292917,0.35125012767682245,0.9015366391899786,0.3132415074782474,0.9394921818958194,0.5332704560697519,0.07934576774184074
observed64,mixed_r256,draw3_mixed_seed29_r256,draw3,29,0.08549871060677089,0.3258060166359049,0.9258239541415157,0.29928677810304066,0.9451294410207061,0.4927288339411469,0.0797225781252564
fresh31,mixed_r512,draw3_mixed_seed29_r512,draw3,29,0.0866631998309101,0.2887389932986741,0.9172383764955323,0.3123171843202045,0.9163746220964001,0.5430893154626685,0.20875256451648555
observed64,mixed_r512,draw3_mixed_seed29_r512,draw3,29,0.062372539175844455,0.2470379864355536,0.957550183915996,0.30575398928084596,0.9389456621755833,0.48866349136485576,0.21117898749974984
fresh31,high512_r256,draw3_high512_seed43_r256,draw3,43,0.13356639610699197,0.4521213025393822,0.8246672237727439,0.3404189250036208,0.99770748045985,0.4942271911036109,0.111520964515817
observed64,high512_r256,draw3_high512_seed43_r256,draw3,43,0.10458732175159624,0.3877898079022306,0.8906796246227364,0.3239317950394709,1.0129193927685758,0.47139372694500326,0.09876747343793113
fresh31,high512_r512,draw3_high512_seed43_r512,draw3,43,0.09084530093160266,0.3089520114667214,0.9001287293654399,0.31031867958944814,0.9185763781803324,0.552862064862292,0.2320306774192666
observed64,high512_r512,draw3_high512_seed43_r512,draw3,43,0.06051190847212588,0.24594538933577015,0.960132802020456,0.31276452796083043,0.9630610508135489,0.4717969273977196,0.23554254531251217
fresh31,mixed_r256,draw3_mixed_seed43_r256,draw3,43,0.10448961528679947,0.352043266359957,0.9005307381925965,0.31418031653358275,0.9379084262923532,0.5408028818069709,0.10080731612927799
observed64,mixed_r256,draw3_mixed_seed43_r256,draw3,43,0.08761729344332524,0.3358411098742179,0.9268699436200537,0.30646454446216875,0.9569228967241603,0.4893159739688129,0.09544356562514622
fresh31,mixed_r512,draw3_mixed_seed43_r512,draw3,43,0.0899768837815769,0.29417321575845196,0.9090328259881871,0.30990379560350023,0.9136627509155453,0.5519406763159602,0.229799032258128
observed64,mixed_r512,draw3_mixed_seed43_r512,draw3,43,0.06044521363548463,0.24603287813158461,0.9591508687541919,0.3114855811955462,0.9559130439945148,0.4747632933014756,0.23099831718775476
fresh31,high512_r256,draw3_high512_seed59_r256,draw3,59,0.12795520907610775,0.4230258409145629,0.8443375305597025,0.3278076262980967,0.9736114919536467,0.4786517492049069,0.09986284193538238
observed64,high512_r256,draw3_high512_seed59_r256,draw3,59,0.10430838065305634,0.3896507372257988,0.8879087022132797,0.3095238515777549,0.9848124077794607,0.48279324383802824,0.10454199999975344
fresh31,high512_r512,draw3_high512_seed59_r512,draw3,59,0.08274151321893689,0.28621338608278907,0.9307181800480301,0.308266943204574,0.9114038590035066,0.5417271099716578,0.22929113548419874
observed64,high512_r512,draw3_high512_seed59_r512,draw3,59,0.061822111613219856,0.24883645933360699,0.9589339421948357,0.3070071133511014,0.952556264682777,0.4699129018905097,0.21670843749990354
fresh31,mixed_r256,draw3_mixed_seed59_r256,draw3,59,0.10129678306674339,0.3489313132550134,0.9014341424893446,0.3155277275060027,0.9446316109612072,0.5247470035265356,0.09366887419345139
observed64,mixed_r256,draw3_mixed_seed59_r256,draw3,59,0.08718925141161671,0.3290683072606458,0.9248023296026157,0.3050738185792989,0.9644153274683698,0.48416658807008717,0.09381757187509265
fresh31,mixed_r512,draw3_mixed_seed59_r512,draw3,59,0.08795122766539391,0.28975787004157416,0.9167591570930961,0.31340646632430746,0.9230963994053766,0.5405677343631684,0.2375319870970411
observed64,mixed_r512,draw3_mixed_seed59_r512,draw3,59,0.060516176916599385,0.24444541425105976,0.9591984851819249,0.31350186967020105,0.9651108744672143,0.4634839636779007,0.22946664843755116
fresh31,high512_r256,draw3_high512_seed71_r256,draw3,71,0.12028728393483448,0.400254406355609,0.8690454555288721,0.3328486589098117,1.002923373708774,0.5170309491356743,0.09613390645186413
observed64,high512_r256,draw3_high512_seed71_r256,draw3,71,0.10637831983915828,0.398024240743641,0.8897238902162978,0.3361296078585514,1.0486444419939893,0.44686039413564727,0.09041066562480182
fresh31,high512_r512,draw3_high512_seed71_r512,draw3,71,0.08616692598329993,0.28882024896324804,0.9141206107613422,0.31165373815096337,0.9272504425149687,0.543149217887973,0.22742234838686623
observed64,high512_r512,draw3_high512_seed71_r512,draw3,71,0.06105153180134479,0.24956750627516328,0.9610943001760563,0.31282579400828125,0.9705900528281994,0.47085088656941654,0.2333346546875532
fresh31,mixed_r256,draw3_mixed_seed71_r256,draw3,71,0.10186443441211317,0.35155229227589246,0.8993900229332987,0.3120787754025687,0.9433042710457852,0.5263627463706972,0.09527361290266496
observed64,mixed_r256,draw3_mixed_seed71_r256,draw3,71,0.08499221659314518,0.3260137179992095,0.9304040388162307,0.305535733301129,0.9628428702323605,0.48942122788816234,0.09392968124990375
fresh31,mixed_r512,draw3_mixed_seed71_r512,draw3,71,0.08497492201667292,0.2829693385240184,0.9168819367819823,0.3135486272973669,0.9271689705432605,0.5447882185586639,0.22625063871002507
observed64,mixed_r512,draw3_mixed_seed71_r512,draw3,71,0.059227129322078284,0.2425916424620262,0.9603915157612342,0.3116885017821348,0.9618552629667496,0.4724068368544601,0.22807692499981158
fresh31,expert256,expert256,,,0.09926480705655634,0.32887759483750156,0.8953952207870881,0.16059022111637977,0.5488434376895822,0.793852902360399,0.02454687741954976
observed64,expert256,expert256,,,0.08877101272568137,0.3423008281840487,0.9216267658031523,0.1542897890120153,0.5353665947456488,0.768624703952884,0.024073492187483225
fresh31,expert504,expert504,,,0.09031289903331129,0.30710646575736283,0.910955923714329,0.1475248842028114,0.4950237424259288,0.8193307695636182,0.04230305483853895
observed64,expert504,expert504,,,0.07341385283765328,0.28712225684066317,0.9433513843477532,0.13824650071548533,0.47792714135934516,0.7966189716423542,0.04255302499996105
