run_id,mode,draw,seed,training_seconds,latent_cache_seconds,peak_allocated_mib
draw1_high512_seed17,high512,draw1,17,111.12386520000291,13.893119899999874,2511.24609375
draw1_mixed_seed17,mixed,draw1,17,106.32620390000011,17.76798720000079,2511.90234375
draw1_high512_seed29,high512,draw1,29,107.27649519999977,15.779986500001542,2511.40234375
draw1_mixed_seed29,mixed,draw1,29,105.64029949999895,21.13118249999752,2511.90234375
draw1_high512_seed43,high512,draw1,43,113.11076760000287,15.681250900001032,2511.40234375
draw1_mixed_seed43,mixed,draw1,43,114.53938280000148,22.378812599999947,2511.90234375
draw1_high512_seed59,high512,draw1,59,121.15298059999986,15.577660200000537,2511.40234375
draw1_mixed_seed59,mixed,draw1,59,115.49927500000194,21.046377099999518,2511.90234375
draw1_high512_seed71,high512,draw1,71,109.83016800000041,15.802906599998096,2511.40234375
draw1_mixed_seed71,mixed,draw1,71,111.63903149999896,21.41570959999808,2511.90234375
draw2_high512_seed17,high512,draw2,17,101.27808939999886,15.224945000001753,2511.40234375
draw2_mixed_seed17,mixed,draw2,17,110.79074739999851,17.894373299997824,2511.90234375
draw2_high512_seed29,high512,draw2,29,109.03844270000263,13.502125299997715,2511.40234375
draw2_mixed_seed29,mixed,draw2,29,110.12270669999998,18.048429300000862,2511.90234375
draw2_high512_seed43,high512,draw2,43,111.03735479999887,13.486548700002459,2511.40234375
draw2_mixed_seed43,mixed,draw2,43,108.56186290000187,17.783271200001764,2511.90234375
draw2_high512_seed59,high512,draw2,59,114.19874600000185,15.58009200000015,2511.40234375
draw2_mixed_seed59,mixed,draw2,59,114.3378922999982,20.35317380000197,2511.90234375
draw2_high512_seed71,high512,draw2,71,112.98172730000078,15.503972700000304,2511.40234375
draw2_mixed_seed71,mixed,draw2,71,108.7022477999999,21.060185999998794,2511.90234375
draw3_high512_seed17,high512,draw3,17,115.26867309999943,16.32963369999925,2511.40234375
draw3_mixed_seed17,mixed,draw3,17,104.34539559999757,20.41555430000153,2511.90234375
draw3_high512_seed29,high512,draw3,29,111.08615039999859,13.457161399997858,2511.40234375
draw3_mixed_seed29,mixed,draw3,29,110.16261079999822,17.750706300001184,2511.90234375
draw3_high512_seed43,high512,draw3,43,107.1951341999993,13.134957199999917,2511.40234375
draw3_mixed_seed43,mixed,draw3,43,110.05145249999987,17.765035999997053,2511.90234375
draw3_high512_seed59,high512,draw3,59,64.37705379999898,13.915748300001724,2511.40234375
draw3_mixed_seed59,mixed,draw3,59,59.25291749999815,17.441286299999774,2511.90234375
draw3_high512_seed71,high512,draw3,71,60.670500100000936,13.183867399999144,2511.40234375
draw3_mixed_seed71,mixed,draw3,71,84.42830740000136,17.415521899998566,2511.90234375
