resolution,strength,abs_rel,rmse_m,delta1
256,0,0.1162941965267997,0.4463106922832147,0.8532339872568746
256,0.25,0.11059298822905572,0.43085530339782235,0.8684958710596915
256,0.5,0.10394363136052087,0.4110401817335222,0.877724157444668
256,0.75,0.09871144359549813,0.39252511039654037,0.8861520686619718
256,1,0.09675837836215095,0.3834824018637219,0.8922197245975856
512,0,0.07362031657206486,0.3251899799683771,0.9415686829309189
512,0.25,0.0731171023745073,0.32345694287155635,0.9415762806002683
512,0.5,0.07296300145838515,0.32306024756596324,0.9415189050972502
512,0.75,0.07346242200034628,0.32456279264099497,0.9425529740945674
512,1,0.07527329856432463,0.3289173981953384,0.9430570401576124
