group,cohort,images_per_run,runs,abs_rel_mean,abs_rel_seed_std,rmse_m_mean,rmse_m_seed_std,delta1_mean,delta1_seed_std,inference_seconds_mean,inference_seconds_seed_std,peak_allocated_mib_mean,peak_allocated_mib_seed_std
base_s1,fresh96,96,1,0.1358540338813316,,0.48133235203565716,,0.8439153148054995,,0.07005159166666886,,2602.47216796875,
base_s4,fresh96,96,1,0.16085417812211936,,0.5666039633454173,,0.7993057738793875,,0.16140832500011962,,2602.47216796875,
lora32_s1,fresh96,96,3,0.10913291164532768,0.0005225651323173412,0.41319223671088817,0.0029963239437696514,0.8808634794880393,0.003357440404479081,0.0756119031249922,0.0019197880727262657,2616.07568359375,0.05412658773652741
lora32_s4,fresh96,96,3,0.1154421882099654,0.0009280148347102152,0.4350781513260032,0.0020580710526773216,0.8702966351348834,0.0017037853220703261,0.18068805902777918,0.0038784151539568985,2616.07568359375,0.05412658773652741
lora64_s1,fresh96,96,3,0.10697396667203547,0.0010833218706154215,0.40675680326717706,0.00016492782878181866,0.8827171361502346,0.003686073930957326,0.07538352256945459,0.0018021891444556309,2616.10693359375,0.0
lora64_s4,fresh96,96,3,0.11376995058013882,0.00244849228117033,0.42872626950584974,0.005373893439631411,0.8719549792970788,0.0033863297698063267,0.17998797395836794,0.005383386616841721,2616.10693359375,0.0
head64_s1,fresh96,96,3,0.13179642484272813,0.00015431527811756574,0.4742089756159136,0.00044909314428099266,0.8470361375428497,0.0002982834420580856,0.06983201805557669,0.00022002231673711562,2612.96337890625,0.0
head64_s4,fresh96,96,3,0.15748241053739975,0.0010160233644404854,0.5475362606769836,0.0026819564488014007,0.8076627880710187,0.002223382954231296,0.16045567743057318,0.0008314759367717356,2612.96337890625,0.0
expert,fresh96,96,1,0.10089062636876411,,0.3915579065393639,,0.896294171277666,,0.022795593749956804,,167.28076171875,
base_s1,test120,120,1,0.12906247129350543,,0.4680834021016287,,0.8559547213838586,,0.06989422249998066,,2602.47216796875,
base_s4,test120,120,1,0.15574692853622396,,0.5599648925434493,,0.8044272230605858,,0.16170696833342693,,2602.47216796875,
lora32_s1,test120,120,3,0.10436722218415984,0.0004729600907863397,0.40030024906967293,0.0026500573981736845,0.8910098204970565,0.003239255258453626,0.07548274444442186,0.0018608183449748987,2616.07568359375,0.05412658773652741
lora32_s4,test120,120,3,0.1103618091063645,0.0005289600414953221,0.4219488048405988,0.0010653289611577182,0.8811385209404575,0.0007602534815623448,0.18068707277777019,0.003924724556400868,2616.07568359375,0.05412658773652741
lora64_s1,test120,120,3,0.1029457940599162,0.0007994221754037118,0.3962510074236342,0.000328375967383545,0.8919184668194351,0.00290857372698395,0.07534996388887218,0.001980356214105358,2616.10693359375,0.0
lora64_s4,test120,120,3,0.10943829058871013,0.002081529631474102,0.41873522661281387,0.005064086925150582,0.8810690066323869,0.002211559346902713,0.18014667777779578,0.005214728190625943,2616.10693359375,0.0
head64_s1,test120,120,3,0.12668644508059543,0.00021204001264470254,0.4635781774779304,0.00017299255865419423,0.8566611241523213,0.00046048928082768534,0.06988365222224628,8.82670499967245e-05,2612.96337890625,0.0
head64_s4,test120,120,3,0.1529175232647487,0.001008211743079374,0.5421072849244392,0.002758564628287064,0.8116630570459794,0.002153654675276173,0.16049565361113816,0.0006919506044343194,2612.96337890625,0.0
expert,test120,120,1,0.09694054262881822,,0.3811131176143051,,0.9059557344064386,,0.022899258333275916,,167.28076171875,
base_s1,pilot24,24,1,0.10189622094220063,,0.4150876023655152,,0.904112347697295,,0.0692647458332279,,2602.47216796875,
base_s4,pilot24,24,1,0.13531793019264235,,0.5334086093355769,,0.8249130197853788,,0.16290154166665616,,2602.47216796875,
lora32_s1,pilot24,24,3,0.0853044643394884,0.0010454035507398718,0.34873229850481174,0.001280071856681774,0.9315951845331246,0.0027665475595740046,0.07496610972214057,0.0016862451658364167,2616.07568359375,0.05412658773652741
lora32_s4,pilot24,24,3,0.09004029269196095,0.0014880665694845415,0.3694314188989814,0.00707371443769464,0.9245060641627543,0.0030637924062236017,0.1806831277777342,0.004109984117537256,2616.07568359375,0.05412658773652741
lora64_s1,pilot24,24,3,0.08683310361143905,0.0007040011779698131,0.35422782404946296,0.0020803606077375225,0.9287237894962367,0.005138268392091256,0.0752157291665425,0.0027005066187258996,2616.10693359375,0.0
lora64_s4,pilot24,24,3,0.09211165062299535,0.0006544748737909347,0.37877105504067043,0.0046854954209647436,0.9175251159736195,0.006175250343743434,0.18078149305550698,0.004594628660596239,2616.10693359375,0.0
head64_s1,pilot24,24,3,0.10624652603206475,0.0007185875178399267,0.4210549849259979,0.001306222220977791,0.8951610705902079,0.0013772633489893152,0.07009018888892467,0.0005414797357377225,2612.96337890625,0.0
head64_s4,pilot24,24,3,0.1346579741741445,0.000978475798608202,0.5203913819142615,0.003066781554160912,0.8276641329458232,0.0019010859221919648,0.1606555583333981,0.0017545956729903237,2612.96337890625,0.0
expert,pilot24,24,1,0.08114020766903478,,0.3393339619140699,,0.9446019869215293,,0.02331391666655236,,167.28076171875,
base_s1,val16,16,1,0.1162941965267997,,0.4463106922832147,,0.8532339872568746,,0.0704564812500621,,2602.47216796875,
base_s4,val16,16,1,0.13339663662729148,,0.5330134669721468,,0.8220321931589537,,0.16239635000005137,,2602.47216796875,
lora32_s1,val16,16,3,0.09946527689256664,0.0014616206173430192,0.402221484518571,0.007491357421159818,0.8809577080538787,0.005444731400601066,0.0763465249999437,0.0030012202961716837,2616.07568359375,0.05412658773652741
lora32_s4,val16,16,3,0.10161981287173157,0.0011258373910493725,0.42019835937343836,0.00550330914724195,0.8874487375642746,0.004258794412583881,0.18018895208333183,0.004323842229402992,2616.07568359375,0.05412658773652741
lora64_s1,val16,16,3,0.0988000507627662,0.0020680580388193295,0.39287426407302145,0.009993645591399708,0.8860911126481109,0.005745895832690321,0.07777947083328247,0.006237698718211948,2616.10693359375,0.0
lora64_s4,val16,16,3,0.1016188432702031,0.0021490893583073186,0.41406350581894974,0.011234377702988333,0.8844736823720099,0.0049016914119712806,0.1782950166666145,0.0027001283626531696,2616.10693359375,0.0
head64_s1,val16,16,3,0.11744069298041786,0.00037856164413055664,0.4466744524572155,0.0006177666880906256,0.8498691803599373,0.0010907159695550516,0.06959258958333218,0.0013547516136780974,2612.96337890625,0.0
head64_s4,val16,16,3,0.12980106417875975,0.00102967398295271,0.5142405869553518,0.0037761037960530658,0.8336774116923764,0.0009406297863430689,0.1591241812499978,0.0004847727243180505,2612.96337890625,0.0
expert,val16,16,1,0.08796400331522009,,0.36659459341819556,,0.9309075809020791,,0.02297540625011152,,167.28076171875,
