id,scene,lora64_s4_mean_absrel,base_s4_absrel
785,kitchen_0027,0.5545241725200039,0.5934793628727519
840,kitchen_0039,0.4405565309770801,0.9171870401613023
90,bookstore_0001,0.3160531494871344,0.5395575766204752
671,bathroom_0018,0.3094274535528178,0.31270943361230075
743,bathroom_0052,0.2917236934245153,0.30732711206795504
510,bathroom_0058,0.23802887753747237,0.30534566512755934
47,bathroom_0004,0.2316502925473163,0.22773845050529365
515,bedroom_0133,0.22145511697416218,0.24449627510879884
1329,living_room_0072,0.20358820479508558,0.31162073260185125
633,office_0027,0.2009033028989681,0.21387081157202603
