compared,reference,cohort,mean_absrel_difference,paired_scene_bootstrap_low,paired_scene_bootstrap_high,resamples,seed
lora32_s1,base_s1,fresh96,-0.026721122236003914,-0.041839624274943664,-0.016486488750031194,10000,4240
lora32_s4,base_s4,fresh96,-0.04541198991215395,-0.06127429154767558,-0.032256971426550374,10000,4240
lora64_s1,base_s1,fresh96,-0.02888006720929613,-0.0426216934667733,-0.019561999660704613,10000,4240
lora64_s4,base_s4,fresh96,-0.04708422754198054,-0.062475794329932076,-0.03443204288347629,10000,4240
head64_s1,base_s1,fresh96,-0.004057609038603521,-0.012471610761749258,0.001054227731643831,10000,4240
head64_s4,base_s4,fresh96,-0.0033717675847195947,-0.005828080397056168,-0.0010575082865732746,10000,4240
base_s1,base_s4,fresh96,-0.025000144240787735,-0.034974420118693186,-0.016780529916720584,10000,4240
lora64_s1,lora64_s4,fresh96,-0.00679598390810333,-0.009644026520660117,-0.004158103952203946,10000,4240
lora64_s1,lora32_s1,fresh96,-0.0021589449732922115,-0.004604639162282661,0.00033334155874473333,10000,4240
lora64_s4,lora32_s4,fresh96,-0.0016722376298265859,-0.0038271947561474987,0.0004965668014884247,10000,4240
expert,base_s1,fresh96,-0.03496340751256751,-0.05410645746568401,-0.020691525720149068,10000,4240
