condition,group,train_seed,cohort,images,abs_rel,rmse_m,delta1,inference_seconds,peak_allocated_mib
base_s1,base_s1,,val16,16,0.1162941965267997,0.4463106922832147,0.8532339872568746,0.0704564812500621,2602.47216796875
base_s1,base_s1,,pilot24,24,0.10189622094220063,0.4150876023655152,0.904112347697295,0.0692647458332279,2602.47216796875
base_s1,base_s1,,fresh96,96,0.1358540338813316,0.48133235203565716,0.8439153148054995,0.07005159166666886,2602.47216796875
base_s1,base_s1,,test120,120,0.12906247129350543,0.4680834021016287,0.8559547213838586,0.06989422249998066,2602.47216796875
base_s4,base_s4,,val16,16,0.13339663662729148,0.5330134669721468,0.8220321931589537,0.16239635000005137,2602.47216796875
base_s4,base_s4,,pilot24,24,0.13531793019264235,0.5334086093355769,0.8249130197853788,0.16290154166665616,2602.47216796875
base_s4,base_s4,,fresh96,96,0.16085417812211936,0.5666039633454173,0.7993057738793875,0.16140832500011962,2602.47216796875
base_s4,base_s4,,test120,120,0.15574692853622396,0.5599648925434493,0.8044272230605858,0.16170696833342693,2602.47216796875
lora32_seed17_s1,lora32_s1,17,val16,16,0.10041640715250982,0.4048325922774344,0.8749504841549296,0.0790043687499633,2616.01318359375
lora32_seed17_s1,lora32_s1,17,pilot24,24,0.08508767130558433,0.350208747054993,0.9284102182539683,0.07469304999987496,2616.01318359375
lora32_seed17_s1,lora32_s1,17,fresh96,96,0.10972301434315002,0.41657688244771673,0.8769967024368434,0.07596005729164783,2616.01318359375
lora32_seed17_s1,lora32_s1,17,test120,120,0.10479594573563687,0.403303255369172,0.8872794056002682,0.07570665583329325,2616.01318359375
lora32_seed17_s4,lora32_s4,17,val16,16,0.10259840137096066,0.4247009279134082,0.8826157465627096,0.17992414374992904,2616.01318359375
lora32_seed17_s4,lora32_s4,17,pilot24,24,0.08839549102341326,0.3638806378456678,0.9277440685781354,0.1821042874999345,2616.01318359375
lora32_seed17_s4,lora32_s4,17,fresh96,96,0.11645754496750778,0.4374350488858701,0.8686184817236754,0.1820448437499825,2616.01318359375
lora32_seed17_s4,lora32_s4,17,test120,120,0.11084513417868888,0.42272416667782964,0.8804435990945675,0.1820567324999729,2616.01318359375
lora32_seed29_s1,lora32_s1,29,val16,16,0.09778229789382117,0.39377401050410077,0.8855675720992622,0.07694353749985794,2616.10693359375
lora32_seed29_s1,lora32_s1,29,pilot24,24,0.08438445472594651,0.34793358689824155,0.9334016250279454,0.07677222083327706,2616.10693359375
lora32_seed29_s1,lora32_s1,29,fresh96,96,0.10872873457978223,0.41087855476502083,0.883038596160295,0.07733378958333977,2616.10693359375
lora32_seed29_s1,lora32_s1,29,test120,120,0.10385987860901509,0.398289561191665,0.8931112019338252,0.07722147583332722,2616.10693359375
lora32_seed29_s4,lora32_s4,29,val16,16,0.10038938216844114,0.4140635755248166,0.8890784813044936,0.18463911250006504,2616.10693359375
lora32_seed29_s4,lora32_s4,29,pilot24,24,0.09129317316405121,0.37739613098242003,0.9241212902414487,0.18389392499993087,2616.10693359375
lora32_seed29_s4,lora32_s4,29,fresh96,96,0.11523115696943588,0.4336362032536827,0.8702464788732395,0.18370580729165908,2616.10693359375
lora32_seed29_s4,lora32_s4,29,test120,120,0.11044356020835897,0.4223881887994301,0.8810214411468813,0.18374343083331343,2616.10693359375
lora32_seed43_s1,lora32_s1,43,val16,16,0.10019712563136893,0.40805785077417783,0.8823550679074447,0.07309166875000983,2616.10693359375
lora32_seed43_s1,lora32_s1,43,pilot24,24,0.0864412669869344,0.34805456156120074,0.9329737103174603,0.0734330583332697,2616.10693359375
lora32_seed43_s1,lora32_s1,43,fresh96,96,0.10894698601305082,0.4121212729199268,0.8825551398669798,0.073541862499989,2616.10693359375
lora32_seed43_s1,lora32_s1,43,test120,120,0.10444584220782754,0.39930793064818165,0.8926388539570759,0.07352010166664513,2616.10693359375
lora32_seed43_s4,lora32_s4,43,val16,16,0.10187165507579293,0.4218305746820902,0.8906519848256205,0.17600360000000137,2616.10693359375
lora32_seed43_s4,lora32_s4,43,pilot24,24,0.09043221388841838,0.3670174878688563,0.9216528336686788,0.1760511708333373,2616.10693359375
lora32_seed43_s4,lora32_s4,43,fresh96,96,0.11463786269295251,0.43416320183845686,0.8720249448077353,0.17631352604169592,2616.10693359375
lora32_seed43_s4,lora32_s4,43,test120,120,0.10979673293204568,0.4207340590445367,0.881950522579924,0.1762610550000242,2616.10693359375
lora64_seed17_s1,lora64_s1,17,val16,16,0.09675837836215095,0.3834824018637219,0.8922197245975856,0.07492717499991386,2616.10693359375
lora64_seed17_s1,lora64_s1,17,pilot24,24,0.08745250540766832,0.35218300713581585,0.9252240875810417,0.07390284583323137,2616.10693359375
lora64_seed17_s1,lora64_s1,17,fresh96,96,0.10714078612254224,0.40681315377478416,0.8798943399983231,0.07467525312499863,2616.10693359375
lora64_seed17_s1,lora64_s1,17,test120,120,0.10320312997956747,0.3958871244469904,0.8889602895148668,0.07452077166664518,2616.10693359375
lora64_seed17_s4,lora64_s4,17,val16,16,0.09914218648584738,0.401105668010854,0.8883126886317907,0.17759408125004938,2616.10693359375
lora64_seed17_s4,lora64_s4,17,pilot24,24,0.09137005259235409,0.3745367440411933,0.9150306352000893,0.17903865833333535,2616.10693359375
lora64_seed17_s4,lora64_s4,17,fresh96,96,0.11137455757156152,0.4225210887926827,0.8757146612312766,0.17896765312509424,2616.10693359375
lora64_seed17_s4,lora64_s4,17,test120,120,0.10737365657572004,0.4129242198423848,0.8835778560250392,0.17898185416674248,2616.10693359375
lora64_seed29_s1,lora64_s1,29,val16,16,0.09874825263192935,0.3917635054677202,0.8852280348759223,0.07347786250005583,2616.10693359375
lora64_seed29_s1,lora64_s1,29,pilot24,24,0.08606747100823707,0.3541584710394481,0.9346228412139505,0.0734226833332059,2616.10693359375
lora64_seed29_s1,lora64_s1,29,fresh96,96,0.10796420247886108,0.4068861705597729,0.881369728789403,0.07404306250001962,2616.10693359375
lora64_seed29_s1,lora64_s1,29,test120,120,0.10358485618473628,0.3963406306557079,0.8920203512743126,0.07391898666665687,2616.10693359375
lora64_seed29_s4,lora64_s4,29,val16,16,0.10272221444927837,0.42107352911736284,0.8861559984909457,0.17601447499993128,2616.10693359375
lora64_seed29_s4,lora64_s4,29,pilot24,24,0.09260839260610461,0.3838048567496126,0.9245574139280125,0.17731326666656363,2616.10693359375
lora64_seed29_s4,lora64_s4,29,fresh96,96,0.11626829450083014,0.43180583947542095,0.8691446421585066,0.17518776145831794,2616.10693359375
lora64_seed29_s4,lora64_s4,29,test120,120,0.11153631412188503,0.42220564293025925,0.8802271965124078,0.17561286249996708,2616.10693359375
lora64_seed43_s1,lora64_s1,43,val16,16,0.10089352129421829,0.40337688488762224,0.880825578470825,0.08493337499987774,2616.10693359375
lora64_seed43_s1,lora64_s1,43,pilot24,24,0.08697933441841176,0.3563419939731249,0.9263244396937179,0.0783216583331902,2616.10693359375
lora64_seed43_s1,lora64_s1,43,fresh96,96,0.10581691141470312,0.4065710854669741,0.886887339662978,0.07743225208334555,2616.10693359375
lora64_seed43_s1,lora64_s1,43,test120,120,0.10204939601544484,0.39652526716820435,0.8947747596691258,0.07761013333331448,2616.10693359375
lora64_seed43_s4,lora64_s4,43,val16,16,0.10299212887548351,0.42001132032863253,0.8789523599932931,0.18127649374986277,2616.10693359375
lora64_seed43_s4,lora64_s4,43,pilot24,24,0.09235650667052737,0.37797156433120543,0.9129872987927565,0.18599255416662194,2616.10693359375
lora64_seed43_s4,lora64_s4,43,fresh96,96,0.11366699966802479,0.4318518802494456,0.8710056345014531,0.18580850729169165,2616.10693359375
lora64_seed43_s4,lora64_s4,43,test120,120,0.10940490106852531,0.4210758170657976,0.8794019673597139,0.18584531666667772,2616.10693359375
head64_seed17_s1,head64_s1,17,val16,16,0.1178453826302009,0.44696114606637,0.8488145015928906,0.0694602749998694,2612.96337890625
head64_seed17_s1,head64_s1,17,pilot24,24,0.10705279663004752,0.42256060575192356,0.8935866937737537,0.07063874166666058,2612.96337890625
head64_seed17_s1,head64_s1,17,fresh96,96,0.13179996597255209,0.47373338420385896,0.8468694545746702,0.06957893124997365,2612.96337890625
head64_seed17_s1,head64_s1,17,test120,120,0.12685053210405117,0.46349882851347185,0.8562129024144869,0.06979089333331104,2612.96337890625
head64_seed17_s4,head64_s4,17,val16,16,0.13096543621350853,0.5183132063063065,0.832653996898055,0.15968255000007048,2612.96337890625
head64_seed17_s4,head64_s4,17,pilot24,24,0.13576905311768867,0.5236786183022694,0.8256485091102169,0.15880490833327107,2612.96337890625
head64_seed17_s4,head64_s4,17,fresh96,96,0.15862074304910395,0.5504533961404576,0.8051594287949921,0.16023482916668286,2612.96337890625
head64_seed17_s4,head64_s4,17,test120,120,0.1540504050628209,0.5450984405728201,0.809257244858037,0.1599488450000005,2612.96337890625
head64_seed29_s1,head64_s1,29,val16,16,0.11738145173313946,0.44709678291200694,0.8498003646881287,0.06830885000010767,2612.96337890625
head64_seed29_s1,head64_s1,29,pilot24,24,0.10601313705237582,0.4203799301365004,0.8957536887994634,0.07007575416673717,2612.96337890625
head64_seed29_s1,head64_s1,29,fresh96,96,0.13194893908056798,0.4746257804245729,0.8468584510535434,0.0699393229167337,2612.96337890625
head64_seed29_s1,head64_s1,29,test120,120,0.12676177867492955,0.46377661036695833,0.8566374986027275,0.06996660916673439,2612.96337890625
head64_seed29_s4,head64_s4,29,val16,16,0.12901053509168797,0.5108554672134684,0.8345041603789403,0.1588792437499933,2612.96337890625
head64_seed29_s4,head64_s4,29,pilot24,24,0.1339248324096746,0.5176072783858673,0.8294249874245473,0.16086679166676277,2612.96337890625
head64_seed29_s4,head64_s4,29,fresh96,96,0.15666737277712536,0.545177342508431,0.809407748574782,0.16137528125003087,2612.96337890625
head64_seed29_s4,head64_s4,29,test120,120,0.1521188647036352,0.5396633296839182,0.813411196344735,0.16127358333337724,2612.96337890625
head64_seed43_s1,head64_s1,43,val16,16,0.11709524457791318,0.44596542839326947,0.8509926747987928,0.07100864375001947,2612.96337890625
head64_seed43_s1,head64_s1,43,pilot24,24,0.10567364441377092,0.4202244188895699,0.8961428291974066,0.0695560708333763,2612.96337890625
head64_seed43_s1,head64_s1,43,fresh96,96,0.13164036947506427,0.47426776221930894,0.8473805070003353,0.0699778000000227,2612.96337890625
head64_seed43_s1,head64_s1,43,test120,120,0.1264470244628056,0.46345909355336107,0.8571329714397496,0.06989345416669342,2612.96337890625
head64_seed43_s4,head64_s4,43,val16,16,0.12942722123108275,0.5135530873462804,0.8338740778001341,0.1588107499999296,2612.96337890625
head64_seed43_s4,head64_s4,43,pilot24,24,0.13428003699507018,0.5198882490546477,0.8279189023027053,0.16229497500016046,2612.96337890625
head64_seed43_s4,head64_s4,43,fresh96,96,0.15715911578596997,0.5469780433820622,0.8084211868432819,0.15975692187500576,2612.96337890625
head64_seed43_s4,head64_s4,43,test120,120,0.15258330002779003,0.5415600845165793,0.8123207299351665,0.1602645325000367,2612.96337890625
expert,expert,,val16,16,0.08796400331522009,0.36659459341819556,0.9309075809020791,0.02297540625011152,167.28076171875
expert,expert,,pilot24,24,0.08114020766903478,0.3393339619140699,0.9446019869215293,0.02331391666655236,167.28076171875
expert,expert,,fresh96,96,0.10089062636876411,0.3915579065393639,0.896294171277666,0.022795593749956804,167.28076171875
expert,expert,,test120,120,0.09694054262881822,0.3811131176143051,0.9059557344064386,0.022899258333275916,167.28076171875
