run_id,mode,train_images,seed,steps,trainable_parameters,training_seconds,latent_cache_seconds,peak_allocated_mib
lora32_seed17,lora,32,17,160,829952,38.80243669999982,1.211409200000162,2414.873046875
lora32_seed29,lora,32,29,160,829952,42.80536220000067,1.1049847000003865,2416.716796875
lora32_seed43,lora,32,43,160,829952,36.09811429999991,1.1198406999992585,2416.716796875
lora64_seed17,lora,64,17,160,829952,37.48234489999959,2.1086411000005683,2416.716796875
lora64_seed29,lora,64,29,160,829952,34.73430649999955,2.0987229000002117,2416.716796875
lora64_seed43,lora,64,43,160,829952,37.78778030000012,2.1585351000003357,2416.716796875
head64_seed17,head,64,17,160,11524,6.958227200000692,2.1958684999999605,2395.94921875
head64_seed29,head,64,29,160,11524,6.72587939999994,2.1409671999999773,2395.94921875
head64_seed43,head,64,43,160,11524,6.54662559999997,2.179907799999455,2395.94921875
