method,split,images,abs_rel,rmse_m,delta1,inference_seconds,peak_allocated_mib
base_s4,val,8,0.11997061818620605,0.45729147554901833,0.8343482771629778,0.17065561250007022,2602.47216796875
base_s4,test,24,0.13531793019264235,0.5334086093355769,0.8249130197853788,0.15976420416670103,2602.47216796875
lora8_s4,val,8,0.08712161951910793,0.34264315497013886,0.9215915283366868,0.2146198500000196,2615.88818359375
lora8_s4,test,24,0.09878445283988159,0.39161006498565176,0.9078411440867425,0.21572839166670596,2615.88818359375
lora32_s4,val,8,0.08004459337135292,0.33658311600458896,0.9353312583836352,0.24394701250002981,2615.88818359375
lora32_s4,test,24,0.09004768544451598,0.3703157204964456,0.9264035602503912,0.2643210249999773,2615.88818359375
head32_s4,val,8,0.11726360433325433,0.44624132519082715,0.840901135982562,0.18740969999998924,2604.61962890625
head32_s4,test,24,0.13540453473595201,0.5259636507104107,0.8245837874469037,0.17966243750000407,2604.61962890625
expert,val,8,0.07056365444482376,0.2870409569546292,0.9598528672032193,0.02547011250004516,157.53076171875
expert,test,24,0.08114020766903478,0.3393339619140699,0.9446019869215293,0.020831345833338826,157.53076171875
base_s1,val,8,0.10318440312569303,0.3881892527686054,0.8870719106304493,0.07362492500010376,2602.47216796875
base_s1,test,24,0.10189622094220063,0.4150876023655152,0.904112347697295,0.07542255000004161,2602.47216796875
